match_id;bachelor01_university;bachelor01_university_standardiz;bachelor01_degree;bachelor01_degree_standardized;bachelor01_major;bachelor01_major_standardized;bachelor02_university;bachelor02_university_standardiz;bachelor02_degree;bachelor02_degree_standardized;bachelor02_major;bachelor02_major_standardized;master01_university;master01_university_standardized;master01_degree;master01_degreestandadized;master01_major;master01_major_standardized;master02_university;master02_university_standardized;master02_degree;master02_degree_standardized;master02_major;master02_major_standardized;mba01_university;mba01_university_standardized;mba01_degree;mba01_degree_standardized;mba02_university;mba02_university_standardized;mba02_degree;mba02_degree_standardized;phd01_university;phd01_university_standardized;phd01_degree;phd01_degree_standardized;phd01_major;phd01_major_standardized;phd02_university;phd02_university_standardized;phd02_degree;phd02_degree_standardized;phd02_major;phd02_major_standardized;jd01_university;jd01_university_standardized;jd01_degree;jd01_degree_standardized1689;Washington University in St. Louis;Washington University in St Louis;;;;;;;;;;;;;;;;;;;;;;;;;;;;;;;;;;;;;;;;;;;;;;45234;Institut d'Enseignement Sup¨¦rieur de Namur (IESN);Other;BBA;Bachelor;Business Administration and Marketing;Other Business Administration;;;;;;;;;;;;;;;;;;;;;;;;;;;;;;;;;;;;;;;;;;12560;University of Adelaide;University of Adelaide;BE;Bachelor;;;;;;;.;.;;;;;.;.;;;;;.;.;Columbia University;Columbia University;MBA;MBA;;;;;University of Adelaide;University of Adelaide;PhD;PhD;.;.;;;;;.;.;;;;45217;Maharaja Sayajirao University of Baroda (The);Maharaja Sayajirao University of Baroda;BE;Bachelor;Electrical Engineering;Engineering;;;;;;;University of California, Irvine;University of California at Irvine;MS;Master;Electrical Engineering;Engineering;;;;;;;;;;;;;;;;;;;;;;;;;;;;;;45346;University of lowa;University of lowa;BA;Bachelor;Broadcast Communications;Other;;;;;.;.;;;;;.;.;;;;;.;.;;;;;;;;;;;;;.;.;;;;;.;.;Creighton University School of Law;Creighton University;JD;JD41066;University of Missouri-Columbia;University of Missouri at Columbia;BS;Bachelor;Civil Engineering;Engineering;;;;;;;;;;;;;;;;;;;Rockhurst College;Rockhurst University;MBA;MBA;;;;;;;;;;;;;;;;;;;;41074;University of Colorado;University of Colorado;BS;Bachelor;Electrical and Electrical Engineering;Engineering;;;;;;;;;;;;;;;;;;;;;;;;;;;;;;;;;;;;;;;;;;47103;University of Texas at Austin;University of Texas at Austin;BSEE;Bachelor;Electrical Engineering;Engineering;;;;;;;;;;;;;;;;;;;Boston University;Boston University;MBA;MBA;;;;;;;;;;;;;;;;;;;;40486;Stanford University;Stanford University;BA;Bachelor;Computer Science;Computer Science;;;;;;;Stanford University;Stanford University;MA;Master;Computer Science;Computer Science;;;;;;;Stanford University;Stanford University;MBA;MBA;;;;;;;;;;;;;;;;;;;;45684;Western New England University (Formerly known as Western New England College);Western New England University;BSBA;Bachelor;;;;;;;;;;;;;;;;;;;;;Babson College;Babson College;MBA;MBA;;;;;;;;;;;;;;;;;;;;41331;Rhode Island School of Design ;;BFA;Bachelor;industrial design ;Other;;;;;;;;;;;;;;;;;;;;;;;;;;;;;;;;;;;;;;;;;;41396;University of Vermont;University of Vermont;BS;Bachelor;Electronic Engineering;Engineering;;;;;;;;;;;;;;;;;;;Massachusetts Institute of Technology (MIT) Sloan School of Management;Massachusetts Institute of Technology;MBA;MBA;;;;;;;;;;;;;;;;;;;;43867;Colby College;Colby College;BA;Bachelor;Math and Economics;Economics;;;;;;;Stanford University Graduate School of Business;Stanford University;;;;;;;;;;;Stanford University Graduate School of Business;Stanford University;MBA;MBA;;;;;;;;;;;;;;;;;;;;43823;Cornell University;Cornell University;BS;Bachelor;Mechanical Engineering;Engineering;;;;;;;Cornell University;Cornell University;MS;Master;EngineMechanical Engineering ering;Engineering;;;;;;;;;;;;;;;;;;;;;;;;;;;;;;40467;University of Michigan;University of Michigan;BSE;Bachelor;Computer Engineering;Engineering;;;;;;;;;;;;;;;;;;;Harvard Business School;Harvard University;MBA;MBA;;;;;;;;;;;;;;;;;;;;47099;Maulana Azad National Institute of Technology;;BE;Bachelor;Mechanical Engineering;Engineering;;;;;;;Northeastern University;Northeastern University;MS;Master;Computer Systems Engineering;Engineering;;;;;;;;;;;;;;;;;;;;;;;;;;;;;;46101;Boston College;Boston College;BS;Bachelor;.;.;;;;;.;.;;;;;.;.;;;;;.;.;Suffolk University;Suffolk University;MBA;MBA;;;;;;;;;.;.;;;;;.;.;;;;41360;;;;;.;.;;;;;.;.;;;;;.;.;;;;;.;.;;;;;;;;;;;;;.;.;;;;;.;.;;;;45227;;;;;;;;;;;;;University of Cambridge;University of Cambridge;Meng;Master;Engineering, Distrinction;Engineering;;;;;;;Institut Europeen d'Administration des Affaires (INSEAD) (European Institute of Business Administration);INSEAD;MBA;MBA;;;;;;;;;;;;;;;;;;;;40507;University of Illinois at Urbana-Champaign;University of Illinois at Urbana-Champaign;BS;Bachelor;Civil Engineering;Engineering;;;;;;;Northwestern University;Northwestern University;MS;Master;Journalism;Other;;;;;;;;;;;;;;;;;;;;;;;;;;;;;;41318;;;;;.;.;;;;;.;.;;;;;.;.;;;;;.;.;;;;;;;;;;;;;.;.;;;;;.;.;;;;13698;University of California, Berkeley;University of California at Berkeley;BS;Bachelor;Industrial Engineering and Operations Research;Engineering;;;;;.;.;;;;;.;.;;;;;.;.;Stanford University, Graduate School of Business;Stanford University;MBA;MBA;;;;;;;;;.;.;;;;;.;.;;;;1779;Johns Hopkins University;Johns Hopkins University;BS;Bachelor;Computer Science;Computer Science;;;;;;;;;;;;;;;;;;;;;;;;;;;;;;;;;;;;;;;;;;45334;University of New Haven;University of New Haven;BS;Bachelor;Engineering;Engineering;;;;;;;;;;;;;;;;;;;University of New Haven;University of New Haven;MBA;MBA;;;;;;;;;;;;;;;;;;;;43799;;;;;;;;;;;;;;;;;;;;;;;;;;;;;;;;;;;;;;;;;;;;;;;;47203;University of Calgary;University of Calgary;BA;Bachelor;Economics;Economics;;;;;.;.;;;;;.;.;;;;;.;.;;;;;;;;;;;;;.;.;;;;;.;.;;;;46189;Albion College;Albion College;BA (magna cum laude);Bachelor;;;;;;;;;University of Michigan;University of Michigan;Master;Master;Internal Medicine;Medicine;;;;;;;;;;;;;;;Wayne State University School of Medicine Detroit;Wayne State University;M.D.;PhD;;;;;;;;;;;;43058;Technological Educational Institute of Athens;Technological Educational Institute of Athens;Bachelor's Degree;Bachelor;Biomedical Engineering;Engineering;;;;;.;.;;;;;.;.;;;;;.;.;University of Leicester;University of Leicester;Master of Business Administration (M.B.A.);MBA;;;;;;;;;.;.;;;;;.;.;;;;47123;;;;;;;;;;;;;HEC Lausanne - The Faculty of Business and Economics;HEC Lausanne;MSc;Master;Economics and Business Administration;Economics;;;;;;;;;;;;;;;;;;;;;;;;;;;;;;47137;Indian Institute of Technology, Delhi;Indian Institute of Technology Dehli;Bachelor;Bachelor;Computer Science and Engineering ;Engineering;;;;;;;Rice University;Rice University;M.S.;Master;Computer Science;Computer Science;;;;;;;;;;;;;;;Rice University;Rice University;phD;PhD;Computer Science;Computer Science;;;;;;;;;;45233;;;;;;;;;;;;;;;;;;;;;;;;;;;;;;;;;_cole Nationale Superieure des Telecommunications;Paris Institute of Technology;PhD;PhD;Communication & Signal Processing;Engineering;;;;;;;;;;43847;Loyola University School of Business;Loyola University of Chicago;BBA;Bachelor;;;;;;;;;;;;;;;;;;;;;;;;;;;;;;;;;;;;;;;;;;;;43086;University of London;University of London;BSc;Bachelor;Chemistry;Chemistry;;;;;.;.;;;;;.;.;;;;;.;.;;;;;;;;;King's College London, University of London;King's College;PhD;PhD;.;.;;;;;.;.;;;;45232;Florida Institute Of Technology;Florida Institute Of Technology;BS;Bachelor;Electrical Engineering;Engineering;;;;;.;.;Florida Institute Of Technology;Florida Institute Of Technology;MS;Master;Electrical Engineering;Engineering;;;;;.;.;;;;;;;;;Florida Institute Of Technology;Florida Institute Of Technology;PhD;PhD;Electrical Engineering;Engineering;;;;;.;.;;;;47199;;;;;;;;;;;;;Unknown Organisation;other;MS;Master;;;;;;;;;;;;;;;;;;;;;;;;;;;;;;;;32;University of California, Berkeley;University of California at Berkeley;BA;Bachelor;.;.;;;;;.;.;Stanford University School of Medicine;Stanford University;Postgraduate Studies;Master;.;.;;;;;.;.;;;;;;;;;Washington State University (WSU);Washington State University;PhD;PhD;.;.;;;;;.;.;;;;47185;Boston College;Boston College;BA;Bachelor;History & Philosophy;Social Science;;;;;;;John F Kennedy School of Government, Harvard University;Harvard University;MPA;Master;Public Policy;Other;;;;;;;Harvard Business School;Harvard University;MBA;MBA;;;;;;;;;;;;;;;;;;;;42762;Nijenrode Universiteit;Nyenrode Business Universiteit;BBA;;;;;;;;;;Hogere Economische Administratief Onderwijs (HEAO), Hague University;Other;Degree;Master;Marketing Management;Other Business Administration;;;;;;;;;;;;;;;;;;;;;;;;;;;;;;47177;;;;;.;.;;;;;.;.;;;;;.;.;;;;;.;.;;;;;;;;;;;;;.;.;;;;;.;.;;;;47147;Boston University;Boston University;B.S.;Computer Science;Computer Science;.;;;;;.;.;;;;;.;.;;;;;.;.;;;;;;;;;;;;;.;.;;;;;.;.;;;;43767;The Wharton School of the University of Pennsylvania;University of Pennsylvania;BS;Bachelor;Economics;Economics;;;;;;;;;;;;;;;;;;;Kellogg Graduate School of Management at Northwestern University;Northwestern University;MBA;MBA;;;;;;;;;;;;;;;;;;;;47117;Harvard University;Harvard University;BA;Bachelor;Social studies;Social Science;;;;;;;;;;;;;;;;;;;Harvard Business School;Harvard University;MBA;MBA;;;;;;;;;;;;;;;;;;;;47193;;;;;;;;;;;;;University of Applied Sciences, Berlin;Other;Diploma;Master;;;;;;;;;;;;;;;;;;;;;;;;;;;;;;;;42755;Tsinghua University;Tsinghua University;BS;Bachelor;Optical Instruments;Other;;;;;;;Tsinghua University;Tsinghua University;MS;Master;Optical Instruments;Other;;;;;;;;;;;;;;;University of Wisconsin-Madison;University of Wisconsin-Madison;PhD;PhD;Electrical Engineering;Engineering;;;;;;;;;;42753;University of Texas at Austin;University of Texas at Austin;BBA;Bachelor;Insurance and real estate;Other Business Administration;;;;;;;;;;;;;;;;;;;;;;;;;;;;;;;;;;;;;;;;;;47134;Princeton University;Princeton University;BA;Bachelor;Architecture;Other;;;;;;;;;;;;;;;;;;;;;;;;;;;;;;;;;;;;;;;;;;2070;Rider University;Rider University;BS;Bachelor;Liberal Arts;Other;;;;;;;;;;;;;;;;;;;Fairleigh Dickinson University;Fairleigh Dickinson University;MBA;MBA;;;;;;;;;;;;;;;;;;;;45823;St Bonaventure University;St Bonaventure University;BS;Bachelor;Economics;Economics;;;;;;;Purdue University;Purdue University;MS;Master;Finance;Finance & Accounting;;;;;;;;;;;;;;;;;;;;;;;;;;;;;;43124;Averett University;Averett University;BA;Bachelor;Organizational Behavior & Development;Other;;;;;;;;;;;;;;;;;;;New Hampshire College (NHC);Southern New Hampshire University;MBA;MBA;;;;;;;;;;;;;;;;;;;;40123;;;;;;;;;;;;;;;;;;;;;;;;;;;;;;;;;;;;;;;;;;;;;;;;45204;University of Bath;University of Bath;BSc (Hons);Bachelor;Systems Engineering;Engineering;;;;;.;.;;;;;.;.;;;;;.;.;;;;;;;;;;;;;.;.;;;;;.;.;;;;45788;Brown University;Brown University;AB (magna cum laude);Bachelor;History;Social Science;;;;;;;;;;;;;;;;;;;;;;;;;;;;;;;;;;;;;;;;;;45221;;;;;;;;;;;;;;;;;;;;;;;;;;;;;;;;;;;;;;;;;;;;;;;;45228;;;;;;;;;;;;;Instituto Superior T_ýcnico;Universidade de Lisboa;Graduated;Master;;;Universidade T_ýcnica de Lisboa, UTL (Technical University of Lisbon);Universidade de Lisboa;Degree;Master;;;;;;;;;;;Imperial College London (The Imperial College of Science Technology and Medicine);Imperial College London;PhD;PhD;;;;;;;;;;;;43846;University of Delaware;University of Delaware;BA;Bachelor;Physics;Physics;;;;;;;Massachusetts Institute of Technology (MIT);Massachusetts Institute of Technology;Masters Degree;Master;Engineering;Engineering;;;;;;;Stanford University;Stanford University;MBA;MBA;;;;;;;;;;;;;;;;;;;;45348;New York University (NYU);New York University;BA;Bachelor;Economics;Economics;;;;;;;;;;;;;;;;;;;Harvard Business School;Harvard University;MBA;MBA;;;;;;;;;;;;;;;;;;;;41057;Vanderbilt University;Vanderbilt University;BE;Bachelor;Chemical Engineering;Engineering;;;;;;;;;;;;;;;;;;;Tulane University - A.B Freeman School of Business;Tulane University;MBA;MBA;;;;;;;;;;;;;;;;;;;;43075;;;;;;;;;;;;;;;;;;;;;;;;;;;;;;;;;;;;;;;;;;;;;;;;45225;Niagara University;Niagara University;BSc;Bachelor;;;;;;;;;;;;;;;;;;;;;;;;;;;;;;;;;;;;;;;;;;;;45336;University of North Carolina (UNC);University of North Carolina;BA;Bachelor;English Literature;Other;;;;;.;.;;;;;.;.;;;;;.;.;Harvard Business School;Harvard University;MBA (Hons);MBA;;;;;;;;;.;.;;;;;.;.;;;;40513;University of California, Davis;University of California at Davis;BS;Bachelor;Aeronautical and Mechanical Engineering ;Engineering;;;;;;;;;;;;;;;;;;;Haas School of Business, University of California, Berkeley;University of California at Berkeley;MBA;MBA;;;;;;;;;;;;;;;;;;;;26409;Trinity College, Hartford, Connecticut;Trinity College;BA;Bachelor;Economics;Economics;;;;;;;;;;;;;;;;;;;Harvard Business School;Harvard University;MBA;MBA;;;;;;;;;;;;;;;;;;;;47159;Harvard University;Harvard University;BA;Bachelor;.;.;;;;;.;.;;;;;.;.;;;;;.;.;;;;;;;;;;;;;.;.;;;;;.;.;;;;47163;George Washington University;George Washington University;BA(dual);Bachelor;philosophy and political science;Other;;;;;.;.;;;;;.;.;;;;;.;.;;;;;;;;;;;;;.;.;;;;;.;.;;;;41288;Marquette University;Marquette University;BA;Bachelor;Finance;Finance & Accounting;;;;;;;;;;;;;;;;;;;Kellogg School of Management, Northwestern University;Northwestern University;MBA;MBA;;;;;;;;;;;;;;;;;;;;12717;Georgetown University;Georgetown University;AB;Bachelor;Classical Studies;Other;;;;;.;.;;;;;;;;;;;.;.;;;;;;;;;;;;;.;.;;;;;.;.;Northwestern University;Northwestern University;JD;JD4499;Indian Institute of Technology, Banaras Hindu University (IIT-BHU);Other;BTEC;Bachelor;Electrical Engineering;Engineering;;;;;;;;;;;;;;;;;;;Kellogg School of Management, Northwestern University;Northwestern University;MBA;MBA;;;;;;;;;;;;;;;;;;;;40475;Indian Institute of Science (IISc);Other;BSc;Bachelor;Electrical Engineering;Engineering;;;;;.;.;University of California, San Diego (UCSD);University of California at San Diego;MS;Master;Electrical Engineering;Engineering;;;;;.;.;;;;;;;;;;;;;.;.;;;;;.;.;;;;41058;Massachusetts Institute of Technology (MIT);Massachusetts Institute of Technology;SB;Bachelor;Electrical Engineering;Engineering;;;;;;;Stanford University;Stanford University;MSEE;Master;;Engineering;;;;;;;;;;;;;;;;;;;;;;;;;;;;;;42764;College of Business Administration, California State University;California State University;BS;Bachelor;Finance;Finance & Accounting;;;;;;;;;;;;;;;;;;;University of Southern California Marshall School of Business;University of Southern California;MBA;MBA;;;;;;;;;;;;;;;;;;;;40483;;;;;;;;;;;;;University of Oklahoma;University of Oklahoma;MS;Master;Computer Science;Computer Science;;;;;;;;;;;;;;;;;;;;;;;;;;;;;;22656;Providence College;Providence College;BA;Bachelor;Math/Computer Science;Mathematics;;;;;.;.;;;;;;;;;;;.;.;;;;;;;;;;;;;.;.;;;;;.;.;;;;43321;Eastern Illinois University;Eastern Illinois University;BS;Bachelor;Information Technology;Computer Science;;;;;;;;;;;;;;;;;;;;;;;;;;;;;;;;;;;;;;;;;;40466;University of Texas at Austin;University of Texas at Austin;BS;Bachelor;Electrical Engineering;Engineering;;;;;;;University of Illinois at Urbana-Champaign;University of Illinois at Urbana-Champaign;MS;Master;Computer Science;Computer Science;;;;;;;;;;;;;;;;;;;;;;;;;;;;;;47152;Stockholm School of Economics;Stockholm School of Economics;BS;Bachelor;.;.;;;;;.;.;Carnegie Mellon University Graduate School of Industrial Administration;Carnegie Mellon University;MS;Master;;.;;;;;.;.;;;;;;;;;;;;;.;.;;;;;.;.;;;;47198;;;;;;;;;;;;;;;;;;;;;;;;;;;;;;;;;;;;;;;;;;;;;;;;42774;KUL in Leuven;Leuven;Bachelor;Bachelor;Marketing Management;Other Business Administration;;;;;.;.;;;;;.;.;;;;;.;.;;;;;;;;;;;;;.;.;;;;;.;.;;;;47116;Massachusetts Institute of Technology (MIT);Massachusetts Institute of Technology;BSc;Bachelor;Mathematics with Computer Science;Mathematics;;;;;;;;;;;;;;;;;;;;;;;;;;;;;;;;;;;;;;;;;;43862;;;;;;;;;;;;;Institut d'Etudes Politiques de Paris;Sciences Po;Diploma;Master;Finance and Taxation;Finance & Accounting;;;;;;;New York University;New York University;MBA;MBA;;;;;;;;;;;;;;;;;;;;41101;Indian Institute of Technology (IIT) Bombay;Indian Institute of Technology Bombay;BTech;Bachelor;Electrical Engineering;Engineering;;;;;;;Indian Institute of Technology (IIT) Bombay;Indian Institute of Technology Bombay;Masters Degree;Master;Electrical Engineering;Engineering;;;;;;;;;;;;;;;University of Texas at Austin;University of Texas at Austin;PhD;PhD;Electrical Engineering and Computer Science;Engineering;;;;;;;;;;43103;Bates College;Bates College;BA;Bachelor;;;;;;;;;;;;;;;;;;;;;Columbia University;Columbia University;MBA;MBA;;;;;;;;;;;;;;;;;;;;40490;Stanford University;Stanford University;BA;Bachelor;Economics;Economics;;;;;;;Stanford University;Stanford University;MS IE;Master;Industrial Engineering;Engineering;;;;;;;;;;;;;;;;;;;;;;;;;;;;;;43046;;;;;;;;;;;;;;;;;;;;;;;;;;;;;;;;;;;;;;;;;;;;;;;;42763;University of Delaware;University of Delaware;BA;Bachelor;History;Social Science;;;;;;;;;;;;;;;;;;;;;;;;;;;;;;;;;;;;;;;Delaware Law School;Widener University;JD;JD43790;Indiana University of Pennsylvania;Indiana University of Pennsylvania;BS;Bachelor;Mathematics;Mathematics;;;;;;;American University;American University;MS;Master;Technology Management;Other Business Administration;;;;;;;;;;;;;;;;;;;;;;;;;;;;;;41348;Baruch College, City University of New York (CUNY);City College of New York;BBA;Bachelor;Economics;Economics;;;;;.;.;;;;;.;.;;;;;.;.;New York University - Leonard N. Stern School of Business;New York University;MBA;MBA;;;;;;;;;.;.;;;;;.;.;;;;11513;Cornell University;Cornell University;BS;Bachelor;Industrial Engineering and Operations Research;Engineering;;;;;;;;;;;;;;;;;;;Cornell University;Cornell University;MBA;MBA;;;;;;;;;;;;;;;;;;;;43850;Cornell University;Cornell University;BS;Bachelor;Life Sciences and Economics;Economics;;;;;;;;;;;;;;;;;;;Cornell University;Cornell University;MBA;MBA;;;;;;;;;;;;;;;;;;;;46113;University of Tulsa;University of Tulsa;B.S;Bachelor;Petroleum Engineering ;Engineering;;;;;.;.;;;;;;;;;;;.;.;;;;;;;;;;;;;.;.;;;;;.;.;;;;45601;Boston University;Boston University;BA;Bachelor;;;;;;;;;Columbia University;Columbia University;MA;Master;;;;;;;;;Leonard N Stern School of Business, New York University;New York University;MBA (Distinction);MBA;;;;;;;;;;;;;;;;;;;;41385;Brown University;Brown University;BS;Bachelor;Electrical Engineering;Engineering;;;;;.;.;University of California at Berkeley;University of California at Berkeley;MS;Master;Electrical Engineering;Engineering;;;;;.;.;University of Oregon;University of Oregon;MBA;MBA;;;;;;;;;.;.;;;;;.;.;;;;47119;Stanford University;Stanford University;BA;Bachelor;Quantitative Economics;Economics;;;;;;;;;;;;;;;;;;;Harvard Business School;Harvard University;MBA;MBA;;;;;;;;;;;;;;;;;;;;46084;University of Georgia (UGA);University of Georgia;BA;Bachelor;English;Other;;;;;.;.;University of Georgia (UGA);University of Georgia;MA;Master;Linguistics;Other;;;;;.;.;Harvard Business School;Harvard University;MBA;MBA;;;;;;;;;.;.;;;;;.;.;;;;41097;Monash University;Monash University;BA;Bachelor;English Literature;other;;;;;;;American University;American University;MA;Master;Economic Communications;Economics;;;;;;;;;;;;;;;;;;;;;;;;;;;;;;42772;University of California, Davis;University of California at Davis;BS;Bachelor;;;;;;;;;;;;;;;;;;;;;;;;;;;;;Unknown Organisation;Unknown Organisation;PhD;PhD;;;;;;;;;;;;41418;Cooper Union;Cooper Union;BS;Bachelor;Electrical Engineering ;Engineering;;;;;.;.;;;;;.;.;;;;;.;.;;;;;;;;;;;;;.;.;;;;;.;.;;;;41312;University of Southern California;University of Southern California;AB;Bachelor;Economics;Economics;;;;;;;Harvard University Kennedy School of Government;Harvard University;Master;Master;Public Policy;Other;;;;;;;;;;;;;;;Harvard University;Harvard University;PhD;PhD;Economics/Philosophy;Economics;;;;;;;;;;43839;University of lowa;University of lowa;BA;Bachelor;;;;;;;;;Fletcher School;Tufts University;MA;Master;;;;;;;;;University of Minnesota;University of Minnesota;Executive Education Program;MBA;;;;;;;;;;;;;;;;;Harvard Law School;Harvard University;JD;JD10875;Dartmouth College;Dartmouth College;BA;Bachelor;Economics;Economics;;;;;;;;;;;;;;;;;;;Kellogg School of Management, Northwestern University;Northwestern University;MBA;MBA;;;;;;;;;;;;;;;;;;;;41394;University of Alabama (UA);University of Alabama;Bachelor's Degree;Bachelor;business management;Other Business Administration;;;;;;;;;;;;;;;;;;;;;;;;;;;;;;;;;;;;;;;;;;47129;;;;;;;;;;;;;;;;;;;;;;;;;;;;;;;;;;;;;;;;;;;;;;;;41417;University of Connecticut;University of Connecticut;BS;Bachelor;Mechanical Engineering;Engineering;;;;;;;;;;;;;;;;;;;University of Bridgeport;University of Bridgeport;MBA;MBA;;;;;;;;;;;;;;;;;;;;43080;University of California, Davis;University of California at Davis;BA (Hons);Bachelor;nternational Relations and Economics;Economics;;;;;;;;;;;;;;;;;;;Harvard Business School;Harvard University;MBA;MBA;;;;;;;;;;;;;;;;;;;;41419;Old Dominion University;Old Dominion University;BS;Bachelor;Electro-Mechanical Engineering;Engineering;;;;;;;;;;;;;;;;;;;;;;;;;;;;;;;;;;;;;;;;;;40450;McGill University (Canada);McGill University;BS (Hons);Bachelor;Engineering;Engineering;;;;;;;;;;;;;;;;;;;University of South Florida (USF);University of South Florida;MBA;MBA;;;;;;;;;;;;;;;;;;;;43068;;;;;;;;;;;;;;;;;;;;;;;;;;;;;;;;;;;;;;;;;;;;;;;;43090;Georgia Institute of Technology (GIT);Georgia Institute of Technology;BSEE;Bachelor;Electrical Engineering;Engineering;;;;;.;.;Georgia Institute of Technology (GIT);Georgia Institute of Technology;MS;Master;Electrical Engineering;Engineering;;;;;.;.;University of Chicago;University of Chicago;MBA;MBA;;;;;;;;;.;.;;;;;.;.;;;;20319;University of Minnesota;University of Minnesota;BA;Bachelor;.;.;;;;;.;.;University of Minnesota;University of Minnesota;MD;Master;.;.;;;;;.;.;Haas School of Business, University of California, Berkeley;University of California at Berkeley;MBA;MBA;;;;;Unknown Organisation;Unknown Organisation;PhD;PhD;.;.;;;;;.;.;;;;45337;Cornell University;Cornell University;BS;Bachelor;Electrical Engineering and Computer Science;Engineering;;;;;;;;;;;;;;;;;;;;;;;;;;;;;;;;;;;;;;;;;;43077;University of Alberta;University of Alberta;BS;Bachelor;Biology and Chemistry;Chemistry;;;;;.;.;University of Alberta;University of Alberta;Degree;Master;Civil Engineering ;Engineering;;;;;.;.;University of Western Ontario;University of Western Ontario;Executive Development Program;MBA;;;;;;;;;.;.;;;;;.;.;;;;47101;McGill University;McGill University;BA;Bachelor;English Literature;Other;;;;;;;;;;;;;;;;;;;;;;;;;;;;;;;;;;;;;;;;;;28332;University of Toronto;University of Toronto;BS;Bachelor;;;;;;;;;;;;;;;;;;;;;Schulich School of Business - York University;York University;MBA;MBA;;;;;;;;;;;;;;;;;;;;5243;University of Paris;Pantheon-Sorbonne University;Bachelor's Degree;Bachelor;Literature;Other;;;Bachelor's Degree;Bachelor;Biochemistry and Immunology;Chemistry;University of Montpellier;Other;MD;Master;;;;;;;;;;;;;;;;;University of Montpellier;Other;PhD;PhD;Biochemistry;Chemistry;;;;;;;;;;5344;Stanford University;Stanford University;BS;Bachelor;Molecular Biology;Biology;;;;;;;Yale School of Medicine (Yale-New Haven Medical Center);Yale University;MD;Master;Medicine;Medicine;;;;;;;;;;;;;;;;;;;;;;;;;;;;;;31876;Graduate Institute of International Studies (HEI);University of Geneva;BA;Bachelor;international public law and political science;Law;;;;;;;;;;;;;;;;;;;Wharton School, University of Pennsylvania;University of Pennsylvania;MBA;MBA;John F Kennedy School of Government, Harvard University;Harvard University;Executive Master's Degree;MBA;;;;;;;;;;;;;;;;22551;;;;;;;;;;;;;;;;;;;;;;;;;;;;;;;;;;;;;;;;;;;;;;;;40;Lewis & Clark College;Lewis & Clark College;BA;Bachelor;International Affairs;Other;;;;;;;Columbia University;Columbia University;MA;Master;International Affairs;Other;;;;;;;;;;;;;;;;;;;;;;;;;;;;;;5378;;;;;;;;;;;;;;;;;;;;;;;;;;;;;;;;;;;;;;;;;;;;;;;;27577;Hampton University in Hampton;Hampton University;Bachelor;Bachelor;;;;;;;;;;;;;;;;;;;;;Wharton School of the University of Pennsylvania;University of Pennsylvania;MBA;MBA;;;;;;;;;;;;;;;;;;;;396;Sheffield Hallam University ;Sheffield Hallam University;Bachelor;Bachelor;Computer Studies;Computer Science;;;;;;;;;;;;;;;;;;;Cranfield School of Management;Cranfield University;MBA;MBA;;;;;;;;;;;;;;;;;;;;1688;;;;;;;;;;;;;University of Virginia;University of Virginia;;Master;;;Columbia Law School;Columbia University;Graduated (Hons);Master;;;;;;;;;;;;;;;;;;;;;;;;;;28397;;;;;;;;;;;;;;;;;;;;;;;;;;;;;;;;;;;;;;;;;;;;;;;;41092;Drury University;Other;BA;Bachelor;Business Administration and Marketing ;Other Business Administration;;;;;;;Northern Illinois University;Northern Illinois University;Graduate School;Master;;;;;;;;;;;;;;;;;;;;;;;;;;;;;;;;21977;;;;;;;;;;;;;Wayne State University;Wayne State University;MD;Master;Cardiovascular Medicine;Medicine;;;;;;;;;;;;;;;Mayo Graduate School of Medicine;Other;phD;PhD;Physiology;Other;;;;;;;;;;12531;Iowa State University;Iowa State University;BSME;Bachelor;Mechanical engineering;Engineering;;;;;;;;;;;;;;;;;;;University of Chicago;University of Chicago;MBA;MBA;;;;;;;;;;;;;;;;;;;;28295;;;;;;;;;;;;;;;;;;;;;;;;;;;;;;;;;;;;;;;;;;;;;;;;403;University of Cambridge;University of Cambridge;BA;Bachelor;;;;;;;;;University of Cambridge;University of Cambridge;MA;Master;Mathematics;Mathematics;;;;;;;Harvard Business School;Harvard University;MBA;MBA;;;;;;;;;;;;;;;;;;;;1749;Northeastern University;Northeastern University;BS;Bachelor;;;;;;;;;Stevens Institute of Technology (SIT);Stevens Institute of Technology ;MS;Master;;;;;;;;;;;;;;;;;Stevens Institute of Technology (SIT);Stevens Institute of Technology ;Doctorate;PhD;;;;;;;;;;;;43093;;;;;;;;;;;;;TU Berlin ;Technische Universitaet Berlin;M.Sc.;Master;Computer Sciences;Computer Science;;;;;;;IMD International business school in Lausanne;IMD Business School Lausanne;MBA;MBA;;;;;;;;;;;;;;;;;;;;43057;University College Dublin;University College Dublin;BSc;Bachelor;Mathematics and Computer Science;Mathematics;;;;;;;;;;;;;;;;;;;;;;;;;;;;;;;;;;;;;;;;;;20280;;;;;;;;;;;;;;;;;;;;;;;;;;;;;;;;;;;;;;;;;;;;;;;;400;;;;;;;;;;;;;Lund University;Lund University;Master of Science (MSc);Master;Business Administration;Other Business Administration;;;;;;;;;;;;;;;;;;;;;;;;;;;;;;12704;University of Science and Technology of China (USTC);University of Science and Technology of China;BSc;Bachelor;analytical chemistry ;chemistry ;;;;;;;Chinese Academy of Sciences;other;MSc;Master;Soil Science;Other;;;;;;;;;;;;;;;University of Wisconsin Milwaukee (UWM);University of Wisconsin at Milwaukee;PhD;PhD;biochemistry ;Chemistry;;;;;;;;;;7073;University of Cambridge;University of Cambridge;BA;Bachelor;Biochemistry;Chemistry;;;;;;;University of Cambridge;University of Cambridge;Master;Master;Biochemistry;Chemistry;;;;;;;;;;;;;;;University of Cambridge;University of Cambridge;PhD;PhD;Biochemistry;Chemistry;;;;;;;;;;13008;University of Maryland College Park;University of Maryland;BSEE;Bachelor;Telecommunications;Engineering;;;;;;;University of Maryland College Park;University of Maryland;MSEE;Master;Telecommunications;Engineering;;;;;;;;;;;;;;;;;;;;;;;;;;;;;;13679;California State University, Chico;California State University;BS;Bachelor;Computer Science and Mathematics;Computer Science;;;;;;;;;;;;;;;;;;;;;;;;;;;;;;;;;;;;;;;;;;13741;Stanford University;Stanford University;BS;Bachelor;Mechanical Engineering and Product Design;Engineering;;;;;;;;;;;;;;;;;;;;;;;;;;;;;;;;;;;;;;;;;;20253;University of North Carolina (Chapel Hill);University of North Carolina at Chapel Hill;BS;Bachelor;;;;;;;;;;;;;;;;;;;;;;;;;;;;;;;;;;;;;;;;;University of North Carolina (Chapel Hill) School of Law;University of North Carolina at Chapel Hill;Juris Doctor;JD46123;University of California, Berkeley;University of California at Berkeley;BA;Bachelor;;;;;;;;;Stanford University School of Medicine;Stanford University;Postgraduate Studies;Master;;;;;;;;;;;;;;;;;Washington State University (WSU);Washington State University;PhD;PhD;;;;;;;;;;;;2067;University of Maryland;University of Maryland;BS;Bachelor;Biochemistry ;Chemistry;;;;;;;Oregon State University;Oregon State University;MS;Master;Biochemistry ;Chemistry;;;;;;;;;;;;;;;University of California, Berkeley;University of California at Berkeley;PhD;PhD;Comparative Biochemistry and Molecular Biology;Chemistry;;;;;;;;;;9401;URadboud University Nijmegen;Other;Bachelor;Bachelor;Medicine;Medicine;;;;;;;;;;;;;;;;;;;Technical University in Eindhoven;Eindhoven University of Technology;Executive MBA;MBA;;;;;URadboud University Nijmegen;Other;PhD;PhD;Medicine;Medicine;;;;;;;;;;10769;Ben Gurion University of the Negev;Ben-Gurion University of the Negev;BSc;Bachelor;Computer Science and Mathematics;Mathematics;;;;;;;;;;;;;;;;;;;IDC;Other;MBA;MBA;;;;;;;;;;;;;;;;;;;;380;;;;;;;;;;;;;;;;;;;;;;;;;;;;;;;;;;;;;;;;;;;;;;;;41090;;;;;;;;;;;;;;;;;;;;;;;;;;;;;;;;;;;;;;;;;;;;;;;;11497;Yale University;Yale University;B.S.;Bachelor;Applied Mathematics;Mathematics;;;;;;;Princeton University;Princeton University;Master;Master;Public Affairs;Other;;;;;;;;;;;;;;;;;;;;;;;;;;;;;;1773;Rutgers University;Rutgers University;B.A.;Bachelor;Psychology;Social Science;;;;;;;;;;;;;;;;;;;;;;;;;;;;;;;;;;;;;;;;;;4649;Georgia Institute of Technology;Georgia Institute of Technology;Bacholor;Bachelor;information and computer science;Computer Science;;;;;;;;;;;;;;;;;;;;;;;;;;;;;;;;;;;;;;;;;;12546;Dartmouth College;Dartmouth College;BA;Bachelor;;;;;;;;;;;;;;;;;;;;;Harvard Business School;Harvard University;MBA;MBA;;;;;;;;;;;;;;;;;;;;12479;Central Methodist University ;Other;BA;Bachelor;Political Science and Economics;Economics;;;;;;;;;;;;;;;;;;;;;;;;;;;;;;;;;;;;;;;;;;21493;West Coast University;Other;B.Sc.;Bachelor;Electrical Engineering;Engineering;;;;;;;West Coast University;Other;M.Sc.;Master;management sciences;Other Business Administration;;;;;;;;;;;;;;;;;;;;;;;;;;;;;;26063;Providence College;Providence College;BS;Bachelor;Accounting;Finance & Accounting;;;;;;;;;;;;;;;;;;;;;;;;;;;;;;;;;;;;;;;;;;21436;Mississippi State University;Mississippi State University;Bachelor;Bachelor;civil engineering;Engineering;;;;;;;;;;;;;;;;;;;Georgia State University;Georgia State University;MBA;MBA;;;;;;;;;;;;;;;;;;;;12506;University of Minnesota;University of Minnesota;BS (Hons);Bachelor;mechanical engineering;Engineering;;;;;;;;;;;;;;;;;;;;;;;;;;;;;;;;;;;;;;;William Mitchell College of Law;Other;Juris Doctorate, cum laude,;JD2072;Johns Hopkins University;Johns Hopkins University;BA;Bachelor;Biology ;Biology;;;;;;;;;;;;;;;;;;;;;;;;;;;Case Western Reserve University;Case Western Reserve University;PhD;PhD;Biology;Biology;The Johns Hopkins University;Johns Hopkins University;postdoctoral ;carbohydrate Chemistry;Chemistry;;;;;5373;;;;;;;;;;;;;;;;;;;;;;;;;;;;;;;;;Cambridge University;University of Cambridge;Ph.D.;PhD;;;Cambridge University;University of Cambridge;Doctor of Medicine (M.D.);PhD;;;;;;9793;Georgetown University;Georgetown University;Bachelor;Bachelor;Economics;Economics;;;;;;;;;;;;;;;;;;;;;;;;;;;;;;;;;;;;;;;;;;3921;University of Washington;University of Washington;B.S.;Bachelor;Electrical Engineering;Engineering;;;;;;;Arizona State University;Arizona State University;Graduate School;Master;Electrical Engineering;Engineering;;;;;;;;;;;;;;;California International Business University;Other;Doctor of Business Adminstration - Honorary;PhD;Business Administration;Other Business Administration;;;;;;;;;;26430;Harvard University;Harvard University;AB (magna cum laude);Bachelor;Government;Other;;;;;;;;;;;;;;;;;;;Harvard Business School;Harvard University;MBA;MBA;;;;;;;;;;;;;;;;;;;;7307;;;;;;;;;;;;;;;;;;;;;;;;;;;;;;;;;;;;;;;;;;;;;;;;12553;University of Oklahoma;University of Oklahoma;B.S.;Bachelor;mathematics;Mathematics;;;;;;;;;;;;;;;;;;;JL Kellogg Graduate School of Management;Northwestern University;MBA;MBA;;;;;Washington University in St Louis;Washington University in St Louis;M.D.;PhD;Medicine;Medicine;;;;;;;;;;7314;Harvard University;Harvard University;AB;Bachelor;;;;;;;;;;;;;;;;;;;;;;;;;;;;;California Institute of Technology;California Institute of Technology;Ph.D.;PhD;;;;;;;;;;;;12691;Yale University;Yale University;BS;Bachelor;;;;;;;;;;;;;;;;;;;;;;;;;;;;;;;;;;;;;;;;;;;;21271;;;;;.;.;;;;;.;.;Stanford University;Stanford University;MSc;Master;.;.;__cole Nationale Superieure d'Arts et Metiers (ENSAM);;Diploma;Master;.;.;;;;;;;;;__cole Nationale Superieure d'Arts et Metiers (ENSAM);;Doctorate;PhD;.;.;;;;;.;.;;;;1790;Stanford University;Stanford University;BA;Bachelor;Political Science (minor Computer Science);Social Sciences;;;;;;;;;;;;;;;;;;;Stanford GSB;Stanford University;MBA;MBA;;;;;;;;;;;;;;;;;;;;4500;Widener University;other;BS;Bachelor;.;.;;;;;.;.;Clemson University;Clemson University;MS;Master;.;.;;;;;.;.;;;;;;;;;;;;;.;.;;;;;.;.;;;;390;;;;;.;.;;;;;.;.;;;;;.;.;;;;;.;.;Ecole des hautes Etudes commerciales;Ecole des Hautes Etudes Commerciales;MBA;MBA;;;;;;;;;.;.;;;;;.;.;;;;7321;Dartmouth College;Dartmouth College;BA;Bachelor;.;.;;;;;.;.;Harvard University;Harvard University;MA;Master;.;.;;;;;.;.;;;;;;;;;Harvard University;Harvard University;PhD;PhD;.;.;;;;;.;.;;;;3937;City University of New York (CUNY);City University of New York;BS;Bachelor;;;;;;;;;California Institute of Technology (CALTECH);California Polytechnic State University;MS;Master;;;;;;;;;;;;;;;;;California Institute of Technology (CALTECH);California Polytechnic State University;PhD;PhD;;;;;;;;;;;;21398;Brown University;Brown University;BSEE;Bachelor;Solid State Physics;Physics;;;;;;;Northeastern University;Northeastern University;MSEE;Master;Signal Processing & Networking;Other;;;;;;;Boston University - School of Management;Boston University;MBA;MBA;;;;;;;;;;;;;;;;;;;;421;;;;;.;.;;;;;.;.;;;;;.;.;;;;;.;.;;;;;;;;;;;;;.;.;;;;;.;.;;;;21401;Massachusetts Institute of Technology (MIT);Massachusetts Institute of Technology;BS;Bachelor;;;;;;;;;Massachusetts Institute of Technology (MIT);Massachusetts Institute of Technology;MS;Master;;;;;;;;;;;;;;;;;Massachusetts Institute of Technology (MIT);Massachusetts Institute of Technology;PhD;PhD;;;;;;;;;;;;9788;Tufts University;Tufts University;BS;Bachelor;.;.;;;;;.;.;;;;;.;.;;;;;.;.;Harvard Business School;Harvard Business School;MBA;MBA;;;;;;;;;.;.;;;;;.;.;;;;125;;;;;;;;;;;;;;;;;;;;;;;;;;;;;;;;;;;;;;;;;;;;;;;;1679;Harvard College;Harvard University;AB;Bachelor;.;.;;;;;.;.;;;;;.;.;;;;;.;.;Stanford Graduate School of Business;Stanford University;MBA;MBA;;;;;;;;;.;.;;;;;.;.;;;;9789;Harvard University;Harvard University;Bachelor;Bachelor;;;;;;;;;;;;;;;;;;;;;;;;;;;;;;;;;;;;;;;;;Stanford University School of Law;Stanford University;JD;JD21688;Harvard University;Harvard University;AB;Bachelor;.;.;;;;;.;.;;;;;.;.;;;;;.;.;;;;;;;;;;;;;.;.;;;;;.;.;;;;8110;Princeton University;Princeton University;BA (Hons);Bachelor;;;;;;;;;Columbia College, Columbia University;Columbia University;MD;Master;;;University of Virginia School of Medicine;University of Virginia;Graduated;Master;;;;;;;;;;;;;;;;;;;;;;;;;;12943;Tel Aviv University;other;BSc (summa cum laude);Bachelor;.;.;;;;;.;.;;;;;.;.;;;;;.;.;;;;;;;;;;;;;.;.;;;;;.;.;;;;4506;University of Waterloo;University of Waterloo;Bachelor's Degree;Bachelor;;;;;;;;;;;;;;;;;;;;;;;;;;;;;;;;;;;;;;;;;;;;11292;;;;;.;.;;;;;.;.;;;;;.;.;;;;;.;.;;;;;;;;;;;;;.;.;;;;;.;.;;;;750;University of Leeds;University of Leeds;BSc (Hons);Bachelor;.;.;;;;;.;.;;;;;.;.;;;;;.;.;;;;;;;;;;;;;.;.;;;;;.;.;;;;8853;University of Toledo;University of Toledo;BS;Bachelor;.;.;;;;;.;.;;;;;.;.;;;;;.;.;University of Toledo;University of Toledo;MBA;MBA;;;;;;;;;.;.;;;;;.;.;;;;12503;;;;;;;;;;;;;University of Crete;University of Crete;BSc, MSc;Master;;;;;;;;;;;;;;;;;Stanford University;Stanford University;PhD;PhD;;;;;;;;;;;;6362;;;;;;;;;;;;;Universiteit van Amsterdam;University of Amsterdam;MD;Master;;;;;;;;;;;;;;;;;;;;;;;;;;;;;;;;21976;;;;;;;;;;;;;;;;;;;;;;;;;;;;;;;;;Rheinisch-Westf_lische Technische Hochschule Aachen (RWTH Aachen University);Rheinisch-Westfaelische Technische Hochschule Aachen;PhD;PhD;;;;;;;;;;;;21487;Carlow College;;BA;Bachelor;;;;;;;;;;;;;;;;;;;;;;;;;;;;;;;;;;;;;;;;;;;;20263;University of N__tre Dame;;BS;Bachelor;;;;;;;;;Purdue University;Purdue University;MS;Master;;;;;;;;;;;;;;;;;Purdue University;Purdue University;PhD;PhD;;;;;;;;;;;;12625;Massachussetts Institute of Technology;Massachussetts Institute of Technology;BS;Bachelor;EE/Computer Science;Computer Science;;;;;;;University of California, Los Angeles;University of California, Los Angeles;MS;Master;Computer Science;Computer Science;;;;;;;;;;;;;;;;;;;;;;;;;;;;;;7287;University of California, Irvine;University of California, Irvine;BS;Bachelor;.;.;;;;;.;.;;;;;.;.;;;;;.;.;;;;;;;;;University of California, Berkeley;University of California, Berkeley;PhD;PhD;.;.;;;;;.;.;;;;4512;California Polytechnic University;California Polytechnic State University;BS;Bachelor;;;;;;;;;Stanford University;Stanford University;MS;Master;;;;;;;;;;;;;;;;;Stanford University;Stanford University;PhD;PhD;;;;;;;;;;;;25733;San Jose State University;San Jose State University;BS;Bachelor;.;.;;;;;.;.;University of California, Berkeley;University of California, Berkeley;MS;Master;.;.;;;;;.;.;San Jose State University;San Jose State University;MBA;MBA;;;;;;;;;.;.;;;;;.;.;;;;8835;;;;;.;.;;;;;.;.;Department of Pharmacy, University of Oslo;;MSc;Master;.;.;;;;;.;.;;;;;;;;;;;;;.;.;;;;;.;.;;;;129;McPherson College;;BA;Bachelor;;;;;;;;;;;;;;;;;;;;;University of Kansas School of Business;;MBA;MBA;;;;;;;;;;;;;;;;;;;;7288;University of Wisconsin-Madison;University of Wisconsin, Madison;BSc ;;Chemical Engineering;Engineering;;;;;;;;;;;;;;;;;;;;;;;;;;;;;;;;;;;;;;;;;;10755;University of Birmingham;University of Birmingham;BS (Hons);Bachelor;Electrical Engineering;Engineering;;;;;;;;;;;;;;;;;;;;;;;;;;;;;;;;;;;;;;;;;;2063;Georgia Institute of Technology (GIT);Georgia Institute of Technology;BS;Bachelor;;;;;;;;;;;;;;;;;;;;;;;;;;;;;;;;;;;;;;;;;;;;9791;Indiana University;Indiana University;BS;Bachelor;.;.;;;;;.;.;;;;;.;.;;;;;.;.;Indiana University, Kelley School of Business;Indiana University;MBA;MBA;;;;;;;;;.;.;;;;;.;.;;;;4524;University of California, Berkeley;University of California at Berkeley;BA;Bachelor;;;;;;;;;;;;;;;;;;;;;;;;;;;;;University of California, Berkeley;University of California at Berkeley;PhD;PhD;;;;;;;;;;;;11294;University of Essex;University of Essex;BSc (Hons);Bachelor;Electronic Engineering;Engineering;;;;;;;;;;;;;;;;;;;;;;;;;;;University of Kent;Kent State University;PhD;PhD;Electronics;Engineering;;;;;;;;;;21690;University of California, Berkeley;University of California, Berkeley;BS;Bachelor;;;;;;;;;;;;;;;;;;;;;;;;;;;;;;;;;;;;;;;;;;;;7292;Massachusetts Institute of Technology (MIT);Massachusetts Institute of Technology;BS;Bachelor;Material Science;Other;;;;;;;;;;;;;;;;;;;;;;;;;;;Cornell University;Cornell University;PhD;PhD;Materials Science and Engineering;Engineering;;;;;;;;;;21749;;;;;;;;;;;;;;;;;;;;;;;;;;;;;;;;;;;;;;;;;;;;;;;;12626;Unknown Organisation;other;BSc;Bachelor;;;;;;;;;University of London;University of London;Graduated;Master;;;;;;;;;;;;;;;;;University of Manchester;University of Manchester;PhD;PhD;;;Harvard Medical School;Harvard University;Postdoctoral Fellow;PhD;;;;;;1735;;;;;;;;;;;;;;;;;;;;;;;;;;;;;;;;;Massachusetts Institute of Technology;Massachusetts Institute of Technology;PhD;PhD;;;;;;;;;;;;6980;University of Wales Institute of Science and Technology (UWIST);;BSc (Hons);Bachelor;;;;;;;;;University of Cambridge;University of Cambridge;Degree;Master;;;Brunel University;Brunel University;MPhil;Master;;;Bradford University School of Management, University of Bradford;;MBA (Distinction);MBA;;;;;Brunel University;Brunel University;PhD;PhD;;;;;;;;;;;;2111;University of Illinois, Urbana-Champaign (UIUC);University of Illinois at Urbana-Champaign;BS;Bachelor;;;;;;;;;University of Illinois, Urbana-Champaign (UIUC);University of Illinois at Urbana-Champaign;MS;Master;;;;;;;;;Northwestern University;Northwestern University;MBA;MBA;;;;;;;;;;;;;;;;;;;;1930;Massachusetts Institute of Technology;Massachusetts Institute of Technology;BS;Bachelor;.;.;;;;;.;.;;;;;.;.;;;;;.;.;;;;;;;;;;;;;.;.;;;;;.;.;;;;12507;Pune Institute of Computer Technology (PICT);;BE;Bachelor;;;;;;;;;University of Cincinnati;University of Cincinnati;MS;Master;;;;;;;;;Massachusetts Institute of Technology (MIT) Sloan School of Management;MIT Sloan School of Management;Executive Management Program;MBA;;;;;;;;;;;;;;;;;;;;25686;New Jersey Institute of Technology (NJIT);New Jersey Institute of Technology;BS;Bachelor;;;;;;;;;;;;;;;;;;;;;;;;;;;;;;;;;;;;;;;;;;;;8836;;;;;.;.;;;;;.;.;;;;;.;.;;;;;.;.;;;;;;;;;The University of Salford;;PhD;PhD;.;.;;;;;.;.;;;;39;Northeastern University;Northeastern University;BS;Bachelor;.;.;;;;;.;.;Northeastern University;Northeastern University;MS;Master;.;.;;;;;.;.;Babson College - Franklin W. Olin Graduate School of Business;Babson College;MBA;MBA;;;;;;;;;.;.;;;;;.;.;;;;7238;State University of New York, Stony Brook;State University of New York, Stony Brook;BS;Bachelor;;;;;;;;;;;;;;;;;;;;;;;;;;;;;University of Rochester;University of Rochester;PhD;PhD;;;;;;;;;;;;411;;;;;.;.;;;;;.;.;University of Cambridge;University of Cambridge;Graduated;Master;.;.;Unknown Organisation;other;Diploma;Master;.;.;;;;;;;;;;;;;.;.;;;;;.;.;;;;2026;;;;;;;;;;;;;Unknown Organisation;other;MD;Master;;;;;;;;;;;;;;;;;;;;;;;;;;;;;;;;10474;Yale University;Yale University;BA;Bachelor;;;;;;;;;;;;;;;;;;;;;;;;;;;;;;;;;;;;;;;;;;;;31895;Indian Institute of Technology (IIT) Bombay;Bombay University;BTech;Bachelor;;;;;;;;;Stanford University;Stanford University;Masters Degree;Master;;;;;;;;;;;;;;;;;Stanford University;Stanford University;PhD;PhD;;;;;;;;;;;;1955;Cornell University;Cornell University;BA;Bachelor;.;.;;;;;.;.;Albert Einstein College of Medicine of Yeshiva University;;MD;Master;.;.;;;;;.;.;;;;;;;;;Albert Einstein College of Medicine of Yeshiva University;;PhD;PhD;.;.;;;;;.;.;;;;12950;Massachusetts Institute of Technology;Massachusetts Institute of Technology;BS;Bachelor;;;;;;;;;Massachusetts Institute of Technology;Massachusetts Institute of Technology;MS;Master;;;;;;;;;Massachusetts Institute of Technology - Sloan School of Management;Massachusetts Institute of Technology;MBA;MBA;;;;;Massachusetts Institute of Technology;Massachusetts Institute of Technology;PhD;PhD;;;;;;;;;;;;28416;Georgetown University;Georgetown University;BS;Bachelor;.;.;;;;;.;.;;;;;.;.;;;;;.;.;University of California, Berkeley - Walter A. Haas School of Business;University of California, Berkeley;MBA;MBA;;;;;;;;;.;.;;;;;.;.;;;;2027;;;;;.;.;;;;;.;.;University of Geneva;Universite de Geneve;MD;Master;.;.;University of Geneva;Universite de Geneve;Degree;Master;.;.;;;;;;;;;;;;;.;.;;;;;.;.;;;;12631;Heilongjiang University;Heilongjiang University;bachelor;Bachelor;;;;;;;;;Nankai University;Nankai University;Master;Master;;;;;;;;;;;;;;;;;Eindhoven University of Technology;Eindhoven University of Technology;Ph.D;PhD;;;;;;;;;;;;28327;Western Washington University;Western Washington University;BS;Bachelor;;;;;;;;;;;;;;;;;;;;;University of Washington;University of Washington;MBA;MBA;;;;;;;;;;;;;;;;;;;;22514;Massachusetts Institute of Technology (MIT);Massachusetts Institute of Technology;BSEE;Bachelor;.;.;;;;;.;.;;;;;.;.;;;;;.;.;;;;;;;;;;;;;.;.;;;;;.;.;;;;21489;Indian Institute of Technology (IIT) Kharagpur;Indian Institute of Technology;BS;Bachelor;;;;;;;;;Carnegie Mellon University;Carnegie Mellon University;MS;Master;;;;;;;;;;;;;;;;;;;;;;;;;;;;;;;;11295;;;;;.;.;;;;;.;.;Unknown Organisation;other;Post Graduate Diploma;Master;.;.;;;;;.;.;;;;;;;;;;;;;.;.;;;;;.;.;;;;11504;University of California, Los Angeles (UCLA);University of California at Los Angeles;BA;Bachelor;;;;;;;;;;;;;;;;;;;;;Emory University;Emory University;MBA;MBA;;;;;;;;;;;;;;;;;;;;3612;Merrimack College;other;BS;Bachelor;.;.;;;;;.;.;;;;;.;.;;;;;.;.;;;;;;;;;;;;;.;.;;;;;.;.;;;;20385;;;;;;;;;;;;;;;;;;;;;;;;;;;;;;;;;;;;;;;;;;;;;;;;13680;Dalhousie University;Dalhousie University;BS;Bachelor;.;.;;;;;.;.;;;;;.;.;;;;;.;.;;;;;;;;;;;;;.;.;;;;;.;.;;;;21404;;;;;.;.;;;;;.;.;;;;;.;.;;;;;.;.;;;;;;;;;;;;;.;.;;;;;.;.;;;;28328;State University of New York (SUNY);State University of New York;BS;Bachelor;;;;;;;;;;;;;;;;;;;;;;;;;;;;;University of North Carolina (UNC);University of North Carolina, Chapel Hill;PhD;PhD;;;;;;;;;;;;23914;New York University (NYU);New York University;BA;Bachelor;;;;;;;;;;;;;;;;;;;;;;;;;;;;;New York University (NYU);New York University;PhD;PhD;;;;;;;;;;;;1909;Loyala University;Loyala University;BA;Bachelor;;;;;;;;;;;;;;;;;;;;;Loyola University School of Business;Loyola University of Chicago;MBA;MBA;;;;;;;;;;;;;;;;;;;;13681;Yale University;Yale University;BA;Bachelor;;;;;;;;;;;;;;;;;;;;;Haas School of Business, University of California, Berkeley;University of California, Berkeley;MBA;MBA;;;;;;;;;;;;;;;;;;;;21405;State University of New Jersey, Rutgers (Rutgers University);State University of New Jersey;BS;Bachelor;;;;;;;;;;;;;;;;;;;;;;;;;;;;;;;;;;;;;;;;;;;;26058;;;;;;;;;;;;;;;;;;;;;;;;;;;;;;;;;;;;;;;;;;;;;;;;21755;Central Washington University;Central Washington University;BA;Bachelor;;;;;;;;;University of Wyoming;University of Wyoming;MA;Master;;;;;;;;;;;;;;;;;;;;;;;;;;;;;University of California Law School;University of California, Los Angeles;JD;JD5301;Universit¨¦ de Limoges;University of Limoges;Bachelor;Bachelor;;;;;;;;;Universit¨¦ de Limoges;University of Limoges;Master;Master;Foreign Literature and Civilization;Other;;;;;;;;;;;;;;;;;;;;;;;;;;;;;;22610;Wheaton College;other;BA;Bachelor;;;;;;;;;;;;;;;;;;;;;;;;;;;;;;;;;;;;;;;;;;;;12513;;;;;;;;;;;;;Delphian School;;Graduated;Master;;;;;;;;;;;;;;;;;;;;;;;;;;;;;;;;28418;Uppsala Universitet (Uppsala University);Uppsala Universitet;BSc;Bachelor;;;;;;;;;;;;;;;;;;;;;;;;;;;;;Uppsala Universitet (Uppsala University);Uppsala Universitet;PhD;PhD;;;Massachusetts Institute of Technology (MIT);Massachusetts Institute of Technology;Postdoctoral Fellow;PhD;;;;;;12701;Jacksonville State University;other;BS;Bachelor;;;;;;;;;;;;;;;;;;;;;;;;;;;;;;;;;;;;;;;;;;;;21070;University of Minnesota;University of Minnesota;BS;Bachelor;;;;;;;;;Stanford University;Stanford University;MS;Master;;;;;;;;;;;;;;;;;;;;;;;;;;;;;;;;426;Case Western Reserve University (CWRU);Case Western Reserve University;BSc;Bachelor;;;;;;;;;;;;;;;;;;;;;;;;;;;;;;;;;;;;;;;;;;;;2065;State University of New Jersey, Rutgers (Rutgers University);State University of New Jersey;BS;Bachelor;;;;;;;;;;;;;;;;;;;;;;;;;;;;;;;;;;;;;;;;;;;;23557;University of California, Berkeley;University of California, Berkeley;BS;Bachelor;;;;;;;;;Stanford University;Stanford University;MS;Master;;;;;;;;;;;;;;;;;;;;;;;;;;;;;;;;5365;Cardiff University;Cardiff University;BSc;Bachelor;;;;;;;;;;;;;;;;;;;;;;;;;;;;;University of Cambridge;University of Cambridge;PhD;PhD;;;;;;;;;;;;8977;Trinity College, Hartford, Connecticut;Trinity College;BS;Bachelor;;;;;;;;;;;;;;;;;;;;;;;;;;;;;Stanford University;Stanford University;PhD;PhD;;;;;;;;;;;;10787;;;;;;;;;;;;;Trinity College, University of Dublin;University of Dublin;MSc;Master;;;Trinity College, University of Dublin;University of Dublin;Degree;Master;;;;;;;;;;;;;;;;;;;;;;;;;;8856;University of Glasgow;University of Glasgow;BSc;Bachelor;;;;;;;;;;;;;;;;;;;;;;;;;;;;;University of Glasgow;University of Glasgow;PhD;PhD;;;;;;;;;;;;9380;Concordia University;Concordia University;BCom;Bachelor;;;;;;;;;;;;;;;;;;;;;;;;;;;;;;;;;;;;;;;;;;;;12703;St John's University;St. John's University;BS;Bachelor;;;;;;;;;;;;;;;;;;;;;;;;;;;;;University of Connecticut;University of Connecticut;PhD;PhD;;;;;;;;;;;;4651;Temple University;Temple University;BA;Bachelor;;;;;;;;;;;;;;;;;;;;;;;;;;;;;;;;;;;;;;;;;;;;11043;;;;;;;;;;;;;;;;;;;;;;;;;;;;;;;;;;;;;;;;;;;;;;;;8584;;;;;.;.;;;;;.;.;;;;;.;.;;;;;.;.;;;;;;;;;EPFL (__cole polytechnique f_ýd_ýrale de Lausanne);;PhD;PhD;.;.;;;;;.;.;;;;12521;Howard University;Howard University;BSc;Bachelor;;;;;;;;;Kansas State University (KSU);Kansas State University;MSc;Master;;;;;;;;;Santa Clara University;Santa Clara University;MBA;MBA;;;;;;;;;;;;;;;;;;;;13683;;;;;.;.;;;;;.;.;;;;;.;.;;;;;.;.;;;;;;;;;;;;;.;.;;;;;.;.;;;;406;Ben-Gurion University of the Negev;;BSc;Bachelor;;;;;;;;;;;;;;;;;;;;;Tel Aviv University;other;MBA;MBA;;;;;;;;;;;;;;;;;;;;6987;;;;;;;;;;;;;;;;;;;;;;;;;;;;;;;;;;;;;;;;;;;;;;;;26055;;;;;;;;;;;;;Unknown Organisation;other;Graduated;Master;;;;;;;;;;;;;;;;;;;;;;;;;;;;;;;;12805;Case Western Reserve University (CWRU);Case Western Reserve University;BSc;Bachelor;;;;;;;;;;;;;;;;;;;;;;;;;;;;;;;;;;;;;;;;;;;;28377;University of Toronto;University of Toronto;App Sci;Bachelor;;;;;;;;;;;;;;;;;;;;;;;;;;;;;;;;;;;;;;;;;;;;11506;State University of New Jersey, Rutgers (Rutgers University);State University of New Jersey;BS;Bachelor;;;;;;;;;;;;;;;;;;;;;;;;;;;;;;;;;;;;;;;;;;;;20362;;;;;;;;;;;;;;;;;;;;;;;;;;;;;;;;;Johns Hopkins University School of Medicine;Johns Hopkins University;Post Doctoral Studies;Other;;;University of Florida College of Medicine;University of Florida;PhD;PhD;;;;;;2030;Western Illinois University;Western Illinois University;BA;Bachelor;;;;;;;;;Wharton School, University of Pennsylvania;The Wharton School of the University of Pennsylvania;Postgraduate Studies;Master;;;;;;;;;Pepperdine University;Pepperdine University;MBA;MBA;;;;;;;;;;;;;;;;;;;;26998;State University of New York College at Potsdam;State University of New York College, Potsdam;BA;Bachelor;Chemistry/Computer Science;Chemistry/ Computer Science;;;;;;;Rochester Institute of Technology;Rochester Institute of Technology;MS;Master;Computer Science;Computer Science;;;;;;;;;;;;;;;;;;;;;;;;;;;;;;21214;Indiana University;Indiana University;BS (Hons);Bachelor;;;;;;;;;;;;;;;;;;;;;Harvard Business School;Harvard University;MBA;MBA;;;;;;;;;;;;;;;;;;;;12903;Saint John's University;Saint John's University;BS;Bachelor;Economics;Economics;;;;;;;Fordham University;Fordham University;MS;Master;;;;;;;;;;;;;;;;;;;;;;;;;;;;;;;;41;;;;;;;;;;;;;;;;;;;;;;;;;;;;;;;;;;;;;;;;;;;;;;;;26432;;;;;;;;;;;;;;;;;;;;;;;;;;;;;;;;;;;;;;;;;;;;;;;;1795;;;;;;;;;;;;;;;;;;;;;;;;;;;;;;;;;;;;;;;;;;;;;;;;5242;;;;;.;.;;;;;.;.;;;;;.;.;;;;;.;.;;;;;;;;;;;;;.;.;;;;;.;.;;;;21296;University of California, Berkeley;University of California, Berkeley;BA;Bachelor;;;;;;;;;;;;;;;;;;;;;University of Chicago;University of Chicago;MBA;MBA;;;;;;;;;;;;;;;;;;;;31851;Ecole Polytechnice;_cole Polytechnique - Paris;;;Math;Mathematics;;;;;;;;;;;;;;;;;;;Massachusetts Institute of Technology - Sloan School of Management;Massachusetts Institute of Technology;;;;;;;Massachusetts Institute of Technology;Massachusetts Institute of Technology;;;Marketing, Op. Research, Management;Other Business Administration;;;;;;;;;;28277;University of Delhi;University of Delhi;BE;Bachelor;;;;;;;;;Columbia University;Columbia University;MS;Master;;;;;;;;;;;;;;;;;;;;;;;;;;;;;;;;12809;Willamette University;Willamette University;BA;Bachelor;;;;;;;;;;;;;;;;;;;;;University of California, Berkeley;University of California, Berkeley;MBA;MBA;;;;;;;;;;;;;;;;;;;;11486;University of Texas at Austin;University of Texas at Austin;BSEE;Bachelor;;;Indian Institute of Technology (IIT) Delhi;Indian Institute of Technology;BTech;Bachelor;;;University of Texas at Austin;University of Texas at Austin;MS;Master;;;;;;;;;;;;;;;;;University of Texas at Austin;University of Texas at Austin;PhD;PhD;;;;;;;;;;;;12957;Marlboro College;Marlboro College;Liberal Arts;Bachelor;;;University of Rhode Island;;B.A.;Bachelor;;;Massachusetts Institute of Technology;Massachusetts Institute of Technology;Master of Science (MSc);Master;;;;;;;;;;;;;;;;;;;;;;;;;;;;;;;;9800;;;;;;;;;;;;;;;;;;;;;;;;;;;;;;;;;;;;;;;;;;;;;;;;12715;Peking University;other;BS;Bachelor;;;;;;;;;Rensselaer Polytechnic Institute (RPI);Rensselaer Polytechnic Institute;MS;Master;;;;;;;;;;;;;;;;;University of California, Berkeley;University of California, Berkeley;PhD;PhD;;;;;;;;;;;;20267;Amherst College;Amherst College;BA;Bachelor;;;;;;;;;Columbia University College of Physicians and Surgeons (CUCPS);Columbia University;MD;Master;;;;;;;;;;;;;;;;;;;;;;;;;;;;;;;;29506;;;;;.;.;;;;;.;.;;;;;.;.;;;;;.;.;;;;;;;;;;;;;.;.;;;;;.;.;;;;4476;Williams College;Williams College;BA;Bachelor;;;;;;;;;;;;;;;;;;;;;;;;;;;;;Dartmouth College;Dartmouth College;PhD;PhD;;;;;;;;;;;;21763;;;;;;;;;;;;;University of Illinois (UIC);University of Illinois, Chicago ;MS;Master;;;;;;;;;;;;;;;;;;;;;;;;;;;;;;;;9804;Technion;Technion _ Israel Institute of Technology;BSC;Bachelor;Electrical Engineering;Engineering;;;;;;;Ort Netanya -- Israel;Unknown_7;Technical Diploma;;Electronics;Other;;;;;;;;;;;;;;;;;;;;;;;;;;;;;;6509;;;;;.;.;;;;;.;.;Heriot-Watt University;Heriot-Watt University;Degree (Hons);Master;.;.;;;;;.;.;Dartmouth College;Dartmouth College;MBA;MBA;;;;;;;;;.;.;;;;;.;.;;;;12532;Missouri University of Science & Technology (University of Missouri - Rolla prior to 01/01/2008);;BSc;Bachelor;;;;;;;;;;;;;;;;;;;;;;;;;;;;;;;;;;;;;;;;;;;;23560;;;;;;;;;;;;;;;;;;;;;;;;;;;;;;;;;;;;;;;;;;;;;;;;21703;;;;;;;;;;;;;;;;;;;;;;;;;;;;;;;;;;;;;;;;;;;;;;;;26999;;;;;.;.;;;;;.;.;;;;;.;.;;;;;.;.;University of Virginia;University of Virginia;Executive Program;MBA;Pacific Western University;;MBA;MBA;;;;;.;.;;;;;.;.;;;;20268;;;;;;;;;;;;;Queen's University;Queen's University;MD;Master;;;California Institute of Technology (CALTECH);California Polytechnic State University;MSc;Master;;;;;;;;;;;University of California, San Francisco (UCSF);University of San Francisco;PhD;PhD;;;;;;;;;;;;31853;United States Naval Academy (USNA);United States Naval Academy;BS (Distinction);Bachelor;;;;;;;;;;;;;;;;;;;;;George Washington University;George Washington University;MBA;MBA;Stanford University;Stanford University;Executive MBA;MBA;;;;;;;;;;;;;;;;8882;Purdue University;Purdue University;BS;Bachelor;.;.;;;;;.;.;;;;;.;.;;;;;.;.;;;;;;;;;;;;;.;.;;;;;.;.;;;;9333;University of Ghent;University of Ghent;Licenciaat in de Dierkunde;;Physiologie, Biochemie;Biology;;;;;;;University of Manitoba;University of Manitoba;Master of Science;Master;Zoology, Genetics;Biology;;;;;;;;;;;;;;;University of Cambridge;University of Cambridge;Ph.D.;PhD;Genetics, Molecular Biology;Biology;;;;;;;;;;12535;Technion - Israel Institute of Technology (IIT);Israel Institute of Technology;BSc (summa cum laude);Bachelor;;;;;;;;;;;;;;;;;;;;;;;;;;;;;;;;;;;;;;;;;;;;21494;;;;;;;;;;;;;Hampden-Sydney College;Hampden-Sydney College;Degree;Master;;;;;;;;;;;;;;;;;;;;;;;;;;;;;;;;28380;University of California, Los Angeles (UCLA);University of California, Los Angeles;BA;Bachelor;;;;;;;;;;;;;;;;;;;;;;;;;;;;;;;;;;;;;;;;;USC Gould School of Law (Formerly known as University of Southern California Law School);University of Southern California;JD;JD12720;State University of New York at Albany;State University of New York;Bachelor's degree;Bachelor;.;.;;;;;.;.;;;;;.;.;;;;;.;.;;;;;;;;;;;;;.;.;;;;;.;.;;;;22561;University of Rochester;University of Rochester;BS;Bachelor;;;;;;;;;;;;;;;;;;;;;Wharton School, University of Pennsylvania;The Wharton School of the University of Pennsylvania;MBA;MBA;;;;;;;;;;;;;;;;;;;;10788;Tel Aviv University;other;LLB;Bachelor;.;.;Tel Aviv University;other;BA;Bachelor;.;.;;;;;.;.;;;;;.;.;Harvard Business School;Harvard Business School;MBA;MBA;;;;;;;;;.;.;;;;;.;.;;;;13743;University of the West of Scotland (Formerly known as University of Paisley);;BS (Hons);Bachelor;;;;;;;;;Heriot-Watt University;Heriot-Watt University;MS;Master;;;;;;;;;;;;;;;;;;;;;;;;;;;;;;;;20326;;;;;;;;;;;;;;;;;;;;;;;;;;;;;;;;;;;;;;;;;;;;;;;;26700;Texas A&M University;Texas A&M University;BA (summa cum laude);Bachelor;;;;;;;;;;;;;;;;;;;;;;;;;;;;;;;;;;;;;;;;;;;;8843;University of Florida;University of Florida;BS;Bachelor;;;;;;;;;;;;;;;;;;;;;;;;;;;;;;;;;;;;;;;;;;;;10761;;;;;;;;;;;;;;;;;;;;;;;;;;;;;;;;;;;;;;;;;;;;;;;;21587;University of Michigan;University of Michigan;BS (Hons);Bachelor;;;;;;;;;Detroit Catholic Central High School;;Graduated;Master;;;;;;;;;;;;;;;;;;;;;;;;;;;;;;;;12643;University of Michigan;University of Michigan;BS;Bachelor;;;;;;;;;;;;;;;;;;;;;;;;;;;;;;;;;;;;;;;;;;;;31854;Massachusetts Institute of Technology;Massachusetts Institute of Technology;BS;Bachelor;Electrical Engineering;Engineering;;;;;;;;;;;;;;;;;;;;;;;;;;;;;;;;;;;;;;;;;;20252;;;;;;;;;;;;;;;;;;;;;;;;;;;;;;;;;;;;;;;;;;;;;;;;126;Massachusetts Institute of Technology (MIT);Massachusetts Institute of Technology;BS;Bachelor;;;;;;;;;;;;;;;;;;;;;;;;;;;;;;;;;;;;;;;;;;;;3950;Savitribai Phule Pune University (Formerly known as University of Pune);;BE;Bachelor;.;.;;;;;.;.;;;;;.;.;;;;;.;.;;;;;;;;;;;;;.;.;;;;;.;.;;;;3951;Northwestern University;Northwestern University;BSEE;Bachelor;.;.;;;;;.;.;Syracuse University;Syracuse University;MSEE;Master;.;.;;;;;.;.;Harvard Business School;Harvard Business School;MBA;MBA;;;;;;;;;.;.;;;;;.;.;;;;21978;;;;;;;;;;;;;Eidgen_ssische Technische Hochschule Z¨¹rich (ETH) (Swiss Federal Institute of Technology Zurich);Eidgenoessische Technische Hochschule Zuerich;Masters Degree;Master;;;Universit_t Z¨¹rich (University of Zurich);Universitaet Zuerich;MSc;Master;;;;;;;;;;;Universit_t Z¨¹rich (University of Zurich);Universitaet Zuerich;PhD;PhD;;;;;;;;;;;;509;;;;;;;;;;;;;;;;;;;;;;;;;;;;;;;;;Princeton University;Princeton University;PhD;PhD;;;;;;;;;;;;9383;University of Aberdeen;University of Aberdeen;BSc;Bachelor;;;;;;;;;Institut Europeen d'Administration des Affaires (INSEAD) (European Institute of Business Administration);INSEAD;Graduated;Master;;;;;;;;;Durham University;Durham University;MBA;MBA;;;;;;;;;;;;;;;;;;;;3952;;;;;.;.;;;;;.;.;The University of Texas at Austin;University of Texas at Austin;MS;Master;.;.;;;;;.;.;;;;;;;;;;;;;.;.;;;;;.;.;;;;12971;;;;;;;;;;;;;;;;;;;;;;;;;;;;;;;;;;;;;;;;;;;;;;;;12964;San Jose State University;San Jose State University;Bachelor of Science;Bachelor;.;.;;;;;.;.;;;;;.;.;;;;;.;.;;;;;;;;;;;;;.;.;;;;;.;.;;;;12822;University of Michigan;University of Michigan;BBA;Bachelor;;;;;;;;;;;;;;;;;;;;;;;;;;;;;;;;;;;;;;;;;;;;27627;;;;;.;.;;;;;.;.;;;;;.;.;;;;;.;.;;;;;;;;;;;;;.;.;;;;;.;.;;;;1695;Dartmouth College;Dartmouth College;Bachelor of Science (BS);Bachelor;.;.;;;;;.;.;;;;;.;.;;;;;.;.;Dartmouth College - The Tuck School of Business at Dartmouth;Dartmouth College;MBA;MBA;;;;;;;;;.;.;;;;;.;.;;;;12722;;;;;;;;;;;;;;;;;;;;;;;;;;;;;;;;;;;;;;;;;;;;;;;;27764;;;;;;;;;;;;;;;;;;;;;;;;;;;;;;;;;;;;;;;;;;;;;;;;13744;Aston University;Aston University;BS;Bachelor;.;.;;;;;.;.;;;;;.;.;;;;;.;.;Open University (UK);;MBA;MBA;;;;;;;;;.;.;;;;;.;.;;;;42;Purdue University;Purdue University;BS;Bachelor;;;;;;;;;American University, Washington;American University;MA;Master;;;;;;;;;;;;;;;;;;;;;;;;;;;;;;;;21653;;;;;;;;;;;;;;;;;;;;;;;;;;;;;;;;;;;;;;;;;;;;;;;;1741;Rutgers University;Rutgers University;BS;Bachelor;.;.;;;;;.;.;;;;;.;.;;;;;.;.;University of Pittsburgh - Joseph M. Katz Graduate School of Business;University of Pittsburgh;MBA;MBA;University of Pittsburgh - Joseph M. Katz Graduate School of Business;University of Pittsburgh;MBA;MBA;;;;;.;.;;;;;.;.;;;;22617;California Polytechnic State University-San Luis Obispo;California Polytechnic State University;BA;Bachelor;;;;;;;;;;;;;;;;;;;;;;;;;;;;;;;;;;;;;;;;;Santa Clara University School of Law;Santa Clara University;JD;JD2034;La Salle University;La Salle University;BS;Bachelor;.;.;;;;;.;.;;;;;.;.;;;;;.;.;;;;;;;;;;;;;.;.;;;;;.;.;;;;21312;Bates College;other;Bachelor of Arts (B.A.);Bachelor;.;.;;;;;.;.;;;;;.;.;;;;;.;.;;;;;;;;;;;;;.;.;;;;;.;.;;;;20271;Yale College;Yale University;BS (summa Cum Laude);Bachelor;.;.;;;;;.;.;Johns Hopkins University School of Medicine;Johns Hopkins University;MD;Master;.;.;;;;;.;.;;;;;;;;;;;;;.;.;;;;;.;.;;;;3953;;;;;.;.;;;;;.;.;;;;;.;.;;;;;.;.;;;;;;;;;;;;;.;.;;;;;.;.;;;;3954;Stanford University;Stanford University;Bachelor's Degree;Bachelor;.;.;;;;;.;.;;;;;.;.;;;;;.;.;Stanford University, Graduate School of Business;Stanford University;MBA;MBA;;;;;;;;;.;.;;;;;.;.;;;;22650;Eastern Washington University;;BA;Bachelor;.;.;;;;;.;.;;;;;.;.;;;;;.;.;Gonzaga University;Gonzaga University;MBA;MBA;;;;;Unknown Organisation;other;PhD;PhD;.;.;;;;;.;.;;;;11301;;;;;.;.;;;;;.;.;Open University UK;;MSc;Master;.;.;;;;;.;.;;;;;;;;;;;;;.;.;;;;;.;.;;;;4802;University of Virginia;University of Virginia;Dual-Degree;;Economics and Communication;Economics;;;;;;;;;;;;;;;;;;;;;;;;;;;;;;;;;;;;;;;;;;26428;Stanford University;Stanford University;BS;Bachelor;.;.;;;;;.;.;;;;;.;.;;;;;.;.;Stanford University Graduate School of Business;Stanford University;MBA;MBA;;;;;;;;;.;.;;;;;.;.;;;;27757;;;;;.;.;;;;;.;.;;;;;.;.;;;;;.;.;;;;;;;;;;;;;.;.;;;;;.;.;;;;10762;Furman University;Fudan University;BA;Bachelor;.;.;;;;;.;.;;;;;.;.;;;;;.;.;Belmont University - Jack C. Massey Graduate School of Business;;Executive MBA;MBA;;;;;;;;;.;.;;;;;.;.;;;;6377;;;;;;;;;;;;;Ecole Nationale Sup¨¦rieure de Chimie;Paris Institute of Technology;Graduated;Master;;;;;;;;;;;;;;;;;Ecole Nationale Sup¨¦rieure de Chimie;Paris Institute of Technology;PhD;PhD;;;;;;;;;;;;27244;Institut catholique d'arts et m¨¦tiers de Lille (ICAM Lille);Institut catholique d'arts et m¨¦tiers de Lille;BS;Bachelor;;;;;;;;;;;;;;;;;;;;;Stanford University, Graduate School of Business;Stanford University;MBA;MBA;;;;;;;;;;;;;;;;;;;;132;;;;;.;.;;;;;.;.;Ecole Nationale Sup_ýrieure d Agronomie et des Industries Alimentaires;;Graduated;Master;.;.;;;;;.;.;Institut Europeen d'Administration des Affaires (INSEAD) (European Institute of Business Administration);INSEAD;MBA;MBA;;;;;Universit_ý de Rennes 1 (University of Rennes 1);;PhD;PhD;.;.;University of Rhode Island (URI);University of Rhode Island;PhD;PhD;.;.;;;;13696;;;;;.;.;;;;;.;.;;;;;.;.;;;;;.;.;;;;;;;;;;;;;.;.;;;;;.;.;;;;1968;Haverford College;Haverford College;BA;Bachelor;.;.;;;;;.;.;;;;;.;.;;;;;.;.;Harvard Business School;Harvard Business School;MBA;MBA;;;;;;;;;.;.;;;;;.;.;;;;438;Mount Holyoke College;Mount Holyoke College;BA;Bachelor;;;;;;;;;State University of New Jersey, Rutgers (Rutgers University);State University of New Jersey;MA;Master;;;Princeton University;Princeton University;MA;Master;;;;;;;;;;;Princeton University;Princeton University;PhD;PhD;;;;;;;;;;;;2037;Tufts University;Tufts University;BS;Bachelor;.;.;;;;;.;.;University of Wisconsin-Madison;University of Wisconsin-Madison;MS;Master;.;.;;;;;.;.;;;;;;;;;;;;;.;.;;;;;.;.;;;;441;London School of Economics (LSE) (London School of Economics and Political Science);London School of Economics and Political Science;BSc;Bachelor;.;.;;;;;.;.;;;;;.;.;;;;;.;.;Stanford University, Graduate School of Business;Stanford University;MBA;MBA;;;;;;;;;.;.;;;;;.;.;;;;442;;;;;.;.;;;;;.;.;;;;;.;.;;;;;.;.;;;;;;;;;;;;;.;.;;;;;.;.;;;;11303;;;;;;;;;;;;;;;;;;;;;;;;;Cass Business School, City University London;City University of London;MBA;MBA;;;;;;;;;;;;;;;;;;;;4522;The University of British Columbia;University of British Columbia;Bachelor of Commerce;Bachelor;.;.;;;;;.;.;;;;;.;.;;;;;.;.;;;;;;;;;;;;;.;.;;;;;.;.;;;;10874;;;;;.;.;;;;;.;.;;;;;.;.;;;;;.;.;;;;;;;;;;;;;.;.;;;;;.;.;;;;10763;;;;;;;;;;;;;Universitat Polit¨¨cnica de Catalunya;Polytechnic University of Catalonia;Master of Science (MSc);Master;;;;;;;;;;;;;;;;;;;;;;;;;;;;;;;;43849;University of California;University of California;BS;Bachelor;.;.;;;;;.;.;;;;;.;.;;;;;.;.;University of California;University of California;MBA;MBA;;;;;;;;;.;.;;;;;.;.;;;;21771;Bellarmine University;;BS;Bachelor;.;.;;;;;.;.;;;;;.;.;;;;;.;.;;;;;;;;;;;;;.;.;;;;;.;.;;;;12649;University of Birmingham;University of Birmingham;BSc;Bachelor;;;;;;;;;;;;;;;;;;;;;;;;;;;;;;;;;;;;;;;;;;;;21980;University of Madras;University of Madras;BSc;Bachelor;Mechanical Engineering;Engineering;Temple University;;MS;Master;;;;;;;;;;;;;;;;;;;;;;;;;;;;;;;;;;;;;;6991;Eidgen_ssische Technische Hochschule Z¨¹rich;Eidgenoessische Technische Hochschule Zuerich;Degree;Master;;;;;;;;;Eidgen_ssische Technische Hochschule Z¨¹rich;Eidgenoessische Technische Hochschule Zuerich;Masters Degree;Master;;;;;;;;;;;;;;;;;Eidgen_ssische Technische Hochschule Z¨¹rich;Eidgenoessische Technische Hochschule Zuerich;PhD;PhD;Biotechnology;Biology;;;;;;;;;;29509;;;;;;;;;;;;;Massachusetts Institute of Technology;Massachusetts Institute of Technology;MS, BS;Master;;;;;;;;;;;;;;;;;;;;;;;;;;;;;;;;21501;;;;;;;;;;;;;College of Engineering, University of Wisconsin-Madison;;Graduated;Master;;;;;;;;;;;;;;;;;;;;;;;;;;;;;;;;1803;;;;;.;.;;;;;.;.;;;;;.;.;;;;;.;.;;;;;;;;;;;;;.;.;;;;;.;.;;;;12729;Edmund A Walsh School of Foreign Service, Georgetown University;Georgetown University;BS;Bachelor;.;.;;;;;.;.;;;;;.;.;;;;;.;.;;;;;;;;;;;;;.;.;;;;;.;.;;;;43884;Northwestern University;Northwestern University;BA;Bachelor;Music;Other;;;;;;;;;;;;;;;;;;;;;;;;;;;;;;;;;;;;;;;;;;76;University of Rouen France;;Bachelor of Science (BS);Bachelor;.;.;;;;;.;.;;;;;.;.;;;;;.;.;University of San Francisco - Masagung Graduate School of Management;;Master of Business Administration (MBA);MBA;;;;;;;;;.;.;;;;;.;.;;;;131;Brandeis University;Brandeis University;Bachelor's Degree;Bachelor;.;.;;;;;.;.;Thomas Jefferson University;;MD;Master;.;.;Brandeis University;Brandeis University;MA (Hons);Master;.;.;;;;;;;;;;;;;.;.;;;;;.;.;;;;31856;The University of Texas at Austin;University of Texas at Austin;BBA;Bachelor;Business Honors and Finance;Finance;;;;;;;;;;;;;;;;;;;;;;;;;;;;;;;;;;;;;;;;;;1744;;;;;;;;;;;;;University of California, Berkeley;University of California at Berkeley;Graduated;Master;;;;;;;;;;;;;;;;;;;;;;;;;;;;;;;;9816;University of Maryland College Park;University of Maryland;Bachelor of Science (BS);Bachelor;;;;;;;;;;;;;;;;;;;;;;;;;;;;;;;;;;;;;;;;;;;;12650;University of Texas;University of North Texas;BS (Hons);Bachelor;.;.;;;;;.;.;University of Washington;University of Washington;MS;Master;.;.;;;;;.;.;;;;;;;;;University of Florida;University of Florida;PhD;PhD;.;.;;;;;.;.;;;;23534;Unknown Organisation;other;BS;Bachelor;.;.;;;;;.;.;Unknown Organisation;other;MS;Master;.;.;;;;;.;.;;;;;;;;;;;;;.;.;;;;;.;.;;;;12547;Cornell University;Cornell University;BS (Distinction);Bachelor;;;;;;;;;Cornell University;Cornell University;MS;Master;;;;;;;;;;;;;;;;;;;;;;;;;;;;;;;;31879;Colby College;Colby College;BA;Bachelor;Economics and Math;Economics;;;;;;;;;;;;;;;;;;;Stanford University Graduate School of Business;Stanford University;MBA;MBA;;;;;;;;;;;;;;;;;;;;13746;Stanford University;Stanford University;BS;Bachelor;.;.;;;;;.;.;Stanford University School of Medicine;Stanford University;MD;Master;.;.;;;;;.;.;;;;;;;;;Stanford University School of Medicine;Stanford University;PhD;PhD;.;.;;;;;.;.;;;;27773;;;;;;;;;;;;;;;;;;;;;;;;;;;;;;;;;;;;;;;;;;;;;;;;13747;Santa Clara University;Santa Clara University;BS;Bachelor;.;.;;;;;.;.;;;;;.;.;;;;;.;.;Santa Clara University;Santa Clara University;MBA;MBA;;;;;;;;;.;.;;;;;.;.;;;;82;University of California, Berkeley;University of California at Berkeley;BA;Bachelor;;;;;;;;;;;;;;;;;;;;;;;;;;;;;;;;;;;;;;;;;University of California, Hastings College of Law;University of California at Hastings;JD;JD21775;Harvard University;Harvard University;BA;Bachelor;;;;;;;;;;;;;;;;;;;;;University of Chicago;University of Chicago;MBA;MBA;;;;;;;;;;;;;;;;;;;;3957;Heald College;Heald College;BSEE;Bachelor;Electrical Engineering;Engineering;;;;;;;;;;;;;;;;;;;Pepperdine University;Pepperdine University;MBA;MBA;;;;;;;;;;;;;;;;;;;;41293;Cooper Union for the Advancement of Science and Art;other;BE;Bachelor;.;.;;;;;.;.;Massachusetts Institute of Technology (MIT);Massachusetts Institute of Technology;Graduated;Master;.;.;;;;;.;.;;;;;;;;;Massachusetts Institute of Technology (MIT);Massachusetts Institute of Technology;PhD;PhD;.;.;;;;;.;.;;;;10764;University of Cambridge;University of Cambridge;BA;Bachelor;.;.;;;;;.;.;University of Cambridge;University of Cambridge;MA;Master;.;.;;;;;.;.;;;;;;;;;;;;;.;.;;;;;.;.;;;;7245;University of California, Davis;University of California, Davis;BS;Bachelor;.;.;;;;;.;.;;;;;.;.;;;;;.;.;University of California, Los Angeles (UCLA);University of California, Los Angeles;MBA;MBA;;;;;University of California, Davis;University of California, Davis;Doctorate;PhD;.;.;;;;;.;.;;;;12733;Texas A&M University;Texas A&M University;BS;Bachelor;;;;;;;;;Texas A&M University;Texas A&M University;MS;Master;;;;;;;;;The University of Texas at Austin;University of Texas at Austin;Master of Business Administration (MBA);MBA;;;;;;;;;;;;;;;;;;;;2040;Johns Hopkins University;Johns Hopkins University;BA;Bachelor;;;;;;;;;University of Vermont;University of Vermont;MD;Master;;;;;;;;;;;;;;;;;;;;;;;;;;;;;;;;21658;Illinois Institute of Technology (IIT);Illinois Institute of Technology;BS;Bachelor;.;.;;;;;.;.;Illinois Institute of Technology (IIT);Illinois Institute of Technology;MS;Master;.;.;;;;;.;.;Harvard Business School;Harvard Business School;MBA;MBA;;;;;;;;;.;.;;;;;.;.;;;;27641;University of Michigan;University of Michigan;BS;Bachelor;.;.;;;;;.;.;;;;;.;.;;;;;.;.;;;;;;;;;;;;;.;.;;;;;.;.;;;;5310;;;;;.;.;;;;;.;.;Uniwersytet Warszawski;;Master of Arts (M.A.);Master;.;.;;;;;.;.;;;;;;;;;;;;;.;.;;;;;.;.;;;;20283;Providence College;Providence College;BS;Bachelor;.;.;;;;;.;.;;;;;.;.;;;;;.;.;Bryant University;Bryant University;MBA;MBA;;;;;;;;;.;.;;;;;.;.;;;;21432;;;;;.;.;;;;;.;.;;;;;.;.;;;;;.;.;;;;;;;;;;;;;.;.;;;;;.;.;;;;25831;;;;;.;.;;;;;.;.;;;;;.;.;;;;;.;.;Marquette University;Marquette University;Master of Business Administration (M.B.A.);MBA;;;;;;;;;.;.;;;;;.;.;;;;1702;Massachusetts Institute of Technology;Massachusetts Institute of Technology;Bachelor of Science (B.S.);Bachelor;;;;;;;;;Massachusetts Institute of Technology;Massachusetts Institute of Technology;Master of Science (M.S.);Master;;;;;;;;;;;;;;;;;Massachusetts Institute of Technology;Massachusetts Institute of Technology;Doctor of Philosophy (Ph.D.);PhD;;;;;;;;;;;;2001;Marshall University;Marshall University;BS;Bachelor;Biological Sciences;Biology;;;;;;;Marshall University;Marshall University;MS;Master;Biological Sciences;Biology;;;;;;;;;;;;;;;;;;;;;;;;;;;;;;4808;Princeton University;Princeton University;BS;Bachelor;.;.;;;;;.;.;;;;;.;.;;;;;.;.;;;;;;;;;;;;;.;.;;;;;.;.;;;;27678;Kenyon College;Kenyon College;BA;Bachelor;.;.;;;;;.;.;;;;;.;.;;;;;.;.;University of Michigan;University of Michigan;MBA;MBA;;;;;;;;;.;.;;;;;.;.;;;;21722;State University of New York College at Brockport;State University of New York at Brockport;Bachelor of Arts, cum laude;Bachelor;;;;;;;;;Columbia University - School of International and Public Affairs;Columbia University;Masters of International Affairs;Master;;;;;;;;;;;;;;;;;;;;;;;;;;;;;;;;28343;;;;;;;;;;;;;;;;;;;;;;;;;;;;;;;;;;;;;;;;;;;;;;;;10876;Carleton College;Carleton College;BA;Bachelor;;;;;;;;;;;;;;;;;;;;;Harvard Business School;Harvard Business School;MBA;MBA;;;;;;;;;;;;;;;;;;;;1751;Yale University;Yale University;Bachelor of Arts (B.A.);Bachelor;.;.;;;;;.;.;;;;;.;.;;;;;.;.;University of Chicago;University of Chicago;MBA;MBA;;;;;;;;;.;.;;;;;.;.;;;;7330;University of Maryland, College Park;University of Maryland;BA;Bachelor;;;University of California, Los Angeles (UCLA);;BS (cum laude);Bachelor;;;University of California, Berkeley;University of California, Berkeley;MS;Master;;;;;;;;;Laurence and Lori Fink Center for Finance & Investments, UCLA Anderson School of Management;University of California, Los Angeles;MBA;MBA;;;;;;;;;;;;;;;;;;;;83;Purdue University;Purdue University;BS (Distinction);Bachelor;.;.;;;;;.;.;;;;;.;.;;;;;.;.;Pepperdine University;Pepperdine University;MBA;MBA;;;;;Purdue University;Purdue University;PhD;PhD;.;.;;;;;.;.;;;;21723;;;;;.;.;;;;;.;.;;;;;.;.;;;;;.;.;;;;;;;;;;;;;.;.;;;;;.;.;;;;1943;;;;;.;.;;;;;.;.;;;;;.;.;;;;;.;.;Stanford University Graduate School of Business;Stanford University;mba;MBA;;;;;;;;;.;.;;;;;.;.;;;;26067;Vanderbilt University;Vanderbilt University;BS (magna Cum Laude);Bachelor;.;.;;;;;.;.;;;;;.;.;;;;;.;.;University of Texas at Austin;University of Texas at Austin;MBA;MBA;;;;;;;;;.;.;;;;;.;.;;;;31901;Stanford University;Stanford University;BS;Bachelor;;;Stanford University;;BA;Bachelor;;;Stanford University;Stanford University;MS;Master;;;Le Cordon Bleu College of Culinary Arts in Austin (Formerly known as Texas Culinary Academy);Le Cordon Bleu College of Culinary Arts in Austin;Diploma;Master;;;Stanford University, Graduate School of Business;Stanford University;MBA;MBA;;;;;;;;;;;;;;;;;;;;26439;University of California, San Diego;University of California, San Diego;Bachelor;Bachelor;Physics;Physics;;;;;;;;;;;;;;;;;;;;;;;;;;;;;;;;;;;;;;;;;;21511;Stanford University;Stanford University;BS (Distinction);Bachelor;;;;;;;;;Oxford University;Oxford University;MS;Master;;;;;;;;;;;;;;;;;;;;;;;;;;;;;;;;7085;;;;;.;.;;;;;.;.;;;;;.;.;;;;;.;.;;;;;;;;;;;;;.;.;;;;;.;.;;;;25677;Stanford University;Stanford University;BS;Bachelor;;;;;;;;;;;;;;;;;;;;;;;;;;;;;University of Washington;University of Washington;Ph.D.;PhD;;;;;;;;;;;;1706;;;;;;;;;;;;;;;;;;;;;;;;;;;;;;;;;;;;;;;;;;;;;;;;9821;;;;;.;.;;;;;.;.;Tufts University;Tufts University;Degree;Master;.;.;;;;;.;.;;;;;;;;;;;;;.;.;;;;;.;.;;;;22596;Loyola College;University of Madras;BBA;Bachelor;;;;;;;;;;;;;;;;;;;;;;;;;;;;;;;;;;;;;;;;;;;;12659;;;;;;;;;;;;;;;;;;;;;;;;;;;;;;;;;;;;;;;;;;;;;;;;21439;University of N_tre Dame;University of Notre Dame;BS;Bachelor;;;;;;;;;University of Michigan;University of Michigan;MS;Master;;;;;;;;;;;;;;;;;University of Michigan;University of Michigan;PhD;PhD;;;;;;;;;;;;1707;Macalester College;Macalester College;BA;Bachelor;.;.;;;;;.;.;;;;;.;.;;;;;.;.;;;;;;;;;University of Missouri Columbia;University of Missouri, Columbia;PhD;PhD;.;.;;;;;.;.;;;;12741;Rice University;Rice University;BSEE;Bachelor;.;.;;;;;.;.;;;;;.;.;;;;;.;.;St. Edwards University;;MBA;MBA;;;;;;;;;.;.;;;;;.;.;;;;8122;;;;;;;;;;;;;Oregon State University;Oregon State University;MSEE;Master;;;;;;;;;;;;;;;;;;;;;;;;;;;;;;;;26422;Amherst College;Amherst College;BA;Bachelor;;;;;;;;;;;;;;;;;;;;;Harvard Business School;Harvard University;MBA;MBA;;;;;;;;;;;;;;;;;;;;458;;;;;;;;;;;;;;;;;;;;;;;;;Tel Aviv University;other;MBA;MBA;;;;;;;;;;;;;;;;;;;;6372;Cornell University;Cornell University;AB;Bachelor;.;.;;;;;.;.;University of Texas Health Science Center at Houston;;MD;Master;.;.;;;;;.;.;;;;;;;;;Cornell University;Cornell University;PhD;PhD;.;.;;;;;.;.;;;;7332;Saint Louis University;Saint Louis University (PH);BS;Bachelor;.;.;;;;;.;.;Long Island University;Long Island University;MS;Master;.;.;;;;;.;.;;;;;;;;;St John's University;St. John's University;PhD;PhD;.;.;;;;;.;.;;;;1754;;;;;.;.;;;;;.;.;;;;;.;.;;;;;.;.;;;;;;;;;;;;;.;.;;;;;.;.;;;;1709;;;;;.;.;;;;;.;.;Pepperdine University;Pepperdine University;Master of Arts (M.A.);Master;.;.;;;;;.;.;;;;;;;;;;;;;.;.;;;;;.;.;;;;1710;;;;;;;;;;;;;;;;;;;;;;;;;;;;;;;;;;;;;;;;;;;;;;;;12742;;;;;;;;;;;;;University of California, Berkeley;University of California, Berkeley;MS;Master;Computer Science;Computer Science;;;;;;;;;;;;;;;American University of Rome;Rome University;PhD;PhD;;;;;;;;;;;;20350;;;;;.;.;;;;;.;.;;;;;.;.;;;;;.;.;;;;;;;;;University of California, Berkeley;University of California, Berkeley;PhD;PhD;.;.;;;;;.;.;;;;377;University of Auckland;University of Auckland;BSc;Bachelor;Computer Science;Computer Science;;;;;;;;;;;;;;;;;;;;;;;;;;;;;;;;;;;;;;;;;;10877;University of Nevada, Reno;;BS;Bachelor;;;;;;;;;;;;;;;;;;;;;;;;;;;;;;;;;;;;;;;;;;;;9389;;;;;.;.;;;;;.;.;;;;;.;.;;;;;.;.;;;;;;;;;;;;;.;.;;;;;.;.;;;;7276;Arizona State University;Arizona State University;BA;Bachelor;.;.;;;;;.;.;;;;;.;.;;;;;.;.;UCLA John E Anderson Graduate School of Management;other;MBA;MBA;;;;;;;;;.;.;;;;;.;.;;;;21516;;;;;.;.;;;;;.;.;;;;;.;.;;;;;.;.;;;;;;;;;;;;;.;.;;;;;.;.;;;;12564;Stanford University;Stanford University;Bachelor's degree;Bachelor;.;.;;;;;.;.;;;;;.;.;;;;;.;.;Harvard Business School;Harvard Business School;Master of Business Administration (MBA);MBA;;;;;;;;;.;.;;;;;.;.;;;;31881;;;;;;;;;;;;;Helsinki University of Technology;University of Helsinki;MSc;Master;;;;;;;;;;;;;;;;;;;;;;;;;;;;;;;;10880;Technion - Israel Institute of Technology (IIT);Technion _ Israel Institute of Technology;BSc (summa cum laude);Bachelor;.;.;;;;;.;.;;;;;.;.;;;;;.;.;;;;;;;;;;;;;.;.;;;;;.;.;;;;3965;University of Vermont;University of Vermont;BS Marketing;Bachelor;.;.;;;;;.;.;;;;;.;.;;;;;.;.;;;;;;;;;;;;;.;.;;;;;.;.;;;;4847;George Mason University;George Mason University;BS;Bachelor;;;;;;;;;;;;;;;;;;;;;;;;;;;;;;;;;;;;;;;;;;;;1760;University of Texas at Arlington;University of Texas at Arlington;BS;Bachelor;;;;;;;;;;;;;;;;;;;;;University of Washington;University of Washington;MBA;MBA;;;;;University of Texas Health Science Center at Houston;University of Texas Health Science Center at Houston;PhD;PhD;;;;;;;;;;;;6999;St John's College, Oxford University;University of Oxford;BA;Bachelor;;;;;;;;;;;;;;;;;;;;;;;;;;;;;St John's College, Oxford University;University of Oxford;DPhil;PhD;;;;;;;;;;;;1761;Harvard University;Harvard University;AB (magna cum laude);Bachelor;;;;;;;;;;;;;;;;;;;;;Harvard Business School;Harvard University;MBA;MBA;;;;;;;;;;;;;;;;;;;;10503;;;;;;;;;;;;;;;;;;;;;;;;;;;;;;;;;University of Southern California;University of Southern California;Ph.D.;PhD;;;;;;;;;;;;1814;University of Oregon;University of Oregon;BS;Bachelor;.;.;;;;;.;.;;;;;.;.;;;;;.;.;Stanford University Graduate School of Business;Stanford University;MBA;MBA;;;;;;;;;.;.;;;;;.;.;;;;20330;;;;;;;;;;;;;;;;;;;;;;;;;;;;;;;;;;;;;;;;;;;;;;;;21727;Technion Institute;Israel Institute of Technology;BSc;Bachelor;Electrical Engineering;Engineering;;;;;;;;;;;;;;;;;;;;;;;;;;;;;;;;;;;;;;;;;;9826;Bowdoin College;Bowdoin College;BA;Bachelor;;;;;;;;;Stanford University;Stanford University;MS;Master;;;;;;;;;;;;;;;;;;;;;;;;;;;;;;;;21156;;;;;.;.;;;;;.;.;;;;;.;.;;;;;.;.;;;;;;;;;Politecnico di Torino (Polytechnic University of Turin);;PhD;PhD;.;.;;;;;.;.;;;;21448;University of California, Berkeley;University of California, Berkeley;BA (Hons);Bachelor;;;;Other;;;;;;;;;;;;;;;;;;;;;;;;;Stanford University;Stanford University;PhD;PhD;;;;;;;;;;;;10881;;;;;;;;;;;;;Ecole Nationale Superieure des Telecommunications;Ecole Nationale Superieure des Telecommunications;Post graduate degree;;Digital Communication;other;;;;;;;;;;;;;;;;;;;;;;;;;;;;;;25682;;;;;.;.;;;;;.;.;Columbia University;Columbia University;Masters Degree;Master;.;.;;;;;.;.;Massachusetts Institute of Technology (MIT) Sloan School of Management;MIT Sloan School of Management;MBA;MBA;;;;;;;;;.;.;;;;;.;.;;;;27612;Carnegie Mellon University;Carnegie Mellon University;BS;Bachelor;.;.;;;;;.;.;Carnegie Mellon University;Carnegie Mellon University;MS;Master;.;.;;;;;.;.;;;;;;;;;;;;;.;.;;;;;.;.;;;;12571;Iona College;Iona College;BA (Hons);Bachelor;.;.;;;;;.;.;;;;;.;.;;;;;.;.;Adelphi University;Adelphi University;MBA;MBA;;;;;;;;;.;.;;;;;.;.;;;;12574;University of Texas at Austin;University of Texas at Austin;BS;Bachelor;.;.;;;;;.;.;University of Texas at Austin;University of Texas at Austin;MS;Master;.;.;;;;;.;.;;;;;;;;;;;;;.;.;;;;;.;.;;;;28394;Ain Shams University;Ain Shams University;BSEE;Bachelor;;;;;;;;;New Jersey Institute of Technology (NJIT);New Jersey Institute of Technology;MSEE;Master;;;;;;;;;;;;;;;;;;;;;;;;;;;;;;;;7277;Rochester Institute of Technology;Rochester Institute of Technology;Imaging Science;Bachelor;;;;;;;;;;;;;;;;;;;;;;;;;;;;;;;;;;;;;;;;;;;;7000;;;;;.;.;;;;;.;.;Imperial College London (The Imperial College of Science Technology and Medicine);Imperial College London;MA;Master;.;.;;;;;.;.;;;;;;;;;;;;;.;.;;;;;.;.;;;;28395;;;;;;;;;;;;;Columbia University in the City of New York;Columbia University;MS;Master;Electrical, Electronics and Communications;Other;;;;;;;;;;;;;;;University of California, Berkeley;University of California, Berkeley;PhD;PhD;Electrical Enineering;Engineering;;;;;;;;;;21519;Florida Agricultural And Mechanical University;Florida Institute of Technology;BS;Bachelor;.;.;;;;;.;.;;;;;.;.;;;;;.;.;;;;;;;;;;;;;.;.;;;;;.;.;;;;31904;;;;;;;;;;;;;;;;;;;;;;;;;;;;;;;;;;;;;;;;;;;;;;;;12579;Bowling Green State University;other;BS;Bachelor;;;;;;;;;;;;;;;;;;;;;;;;;;;;;;;;;;;;;;;;;;;;2075;York University (Canada);other;BBA;Bachelor;.;.;;;;;.;.;;;;;.;.;;;;;.;.;;;;;;;;;;;;;.;.;;;;;.;.;;;;130;University of St Andrews;University of St Andrews;BS;Bachelor;;;;;;;;;;;;;;;;;;;;;;;;;;;;;;;;;;;;;;;;;;;;12580;;;;;.;.;;;;;.;.;Villanova University;Villanova University;MS;Master;.;.;;;;;.;.;;;;;;;;;;;;;.;.;;;;;.;.;;;;12750;Cornell University;Cornell University;BS;Bachelor;;;;;;;;;Cornell University;Cornell University;MEng;Master;;;;;;;;;;;;;;;;;;;;;;;;;;;;;;;;9366;;;;;;;;;;;;;Universit_t Leiden;Universit_t Leiden;MSc;Master;Pharmaceutics;Other;;;;;;;;;;;;;;;Utrecht University;Utrecht University;;;Pharmaceutics;Other;;;;;;;;;;2013;;;;;.;.;;;;;.;.;;;;;.;.;;;;;.;.;;;;;;;;;;;;;.;.;;;;;.;.;;;;4856;;;;;.;.;;;;;.;.;;;;;.;.;;;;;.;.;;;;;;;;;;;;;.;.;;;;;.;.;;;;22627;Georgetown University - The McDonough School of Business;Georgetown University;BS;Bachelor;Business Administration;Other Business Administration;;;;;;;;;;;;;;;;;;;University of Pennsylvania - The Wharton School;University of Pennsylvania;MBA;MBA;;;;;;;;;;;;;;;;;University of Pennsylvania - The Wharton School;University of Pennsylvania;JD;JD1922;Stanford University;Stanford University;BA;Bachelor;.;.;;;;;.;.;;;;;.;.;;;;;.;.;Harvard University;Harvard University;MBA;MBA;;;;;;;;;.;.;;;;;.;.;;;;7002;;;;;.;.;;;;;.;.;Oxford University;;Masters Degree;Master;.;.;;;;;.;.;;;;;;;;;Oxford University;;PhD;PhD;.;.;;;;;.;.;;;;7003;;;;;.;.;;;;;.;.;;;;;.;.;;;;;.;.;London Business School;London Business School;MBA;MBA;;;;;;;;;.;.;;;;;.;.;;;;10792;Tel Aviv University;other;BSc;Bachelor;.;.;;;;;.;.;;;;;.;.;;;;;.;.;;;;;;;;;;;;;.;.;;;;;.;.;;;;4288;;;;;;;;;;;;;;;;;;;;;;;;;;;;;;;;;;;;;;;;;;;;;;;;9831;;;;;.;.;;;;;.;.;;;;;.;.;;;;;.;.;;;;;;;;;;;;;.;.;;;;;.;.;;;;21981;UC San Diego;;BS;Bachelor;.;.;;;;;.;.;Stanford University;Stanford University;MSME;Master;.;.;;;;;.;.;;;;;;;;;;;;;.;.;;;;;.;.;;;;2050;University of Waterloo;University of Waterloo;BA;Bachelor;;;;;;;;;;;;;;;;;;;;;Indiana University;Indiana University;MBA;MBA;;;;;;;;;;;;;;;;;;;;12665;;;;;;;;;;;;;;;;;;;;;;;;;;;;;;;;;;;;;;;;;;;;;;;;23907;Harvard University;Harvard University;BA;Bachelor;.;.;;;;;.;.;;;;;.;.;;;;;.;.;Pepperdine University;Pepperdine University;MBA;MBA;;;;;Pepperdine University;Pepperdine University;Doctorate;PhD;.;.;;;;;.;.;;;;12585;United States Military Academy, West Point;United States Military Academy;BS;Bachelor;Engineering;Engineering;;;;;;;Loughborough University;Loughborough University;MEng;Master;;;;;;;;;;;;;;;;;;;;;;;;;;;;;;;;7004;;;;;.;.;;;;;.;.;;;;;.;.;;;;;.;.;;;;;;;;;;;;;.;.;;;;;.;.;;;;26391;Stony Brook University;Stony Brook University;BS;Bachelor;;;;;;;;;;;;;;;;;;;;;;;;;;;;;;;;;;;;;;;;;;;;1719;Santa Clara University;Santa Clara University;BS;Bachelor;.;.;University of Santa Clara;Santa Clara University;Bachelor of Science (BS);Bachelor;.;.;;;;;.;.;;;;;.;.;;;;;;;;;;;;;.;.;;;;;.;.;;;;10883;University of Cambridge;University of Cambridge;BA (Hons);Bachelor;;;;;;;;;London School of Economics (LSE) (London School of Economics and Political Science);London School of Economics and Political Science;MS;Master;;;;;;;;;;;;;;;;;;;;;;;;;;;;;;;;13755;San Jose State University;San Jose State University;Bachelor's Degree;Bachelor;;;;;;;;;;;;;;;;;;;;;;;;;;;;;;;;;;;;;;;;;;;;1979;Boston College;Boston College;BA;Bachelor;;;;;;;;;;;;;;;;;;;;;;;;;;;;;;;;;;;;;;;;;Washington and Lee University School of Law;Washington and Lee University;JD;JD1768;;;;;;;;;;;;;;;;;;;;;;;;;;;;;;;;;;;;;;;;;;;;;;;;12756;Yale University;Yale University;BA;Bachelor;;;;;;;;;;;;;;;;;;;;;;;;;;;;;;;;;;;;;;;;;;;;127;Unknown Organisation;other;BSc;Bachelor;.;.;;;;;.;.;;;;;.;.;;;;;.;.;;;;;;;;;Unknown Organisation;other;PhD;PhD;.;.;;;;;.;.;;;;26076;Ohio University;Ohio University;BSEE;Bachelor;;;;;;;;;Ohio University;Ohio University;MA;Master;;;;;;;;;;;;;;;;;;;;;;;;;;;;;;;;28305;Indian Institute of Technology, Kanpur;Indian Institute of Technology;Btech;Bachelor;;;;;;;;;Carnegie Mellon University;Carnegie Mellon University;MS;Master;;;;;;;;;Stanford University, Graduate School of Business;Stanford University;MBA;MBA;;;;;;;;;;;;;;;;;;;;27011;Washington State University;Washington State University;BS;Bachelor;Computer Science;Computer Science;;;;;;;;;;;;;;;;;;;;;;;;;;;;;;;;;;;;;;;;;;9369;;;;;;;;;;;;;Universiteit Leiden (University of Leiden);University of Leiden;Masters Degree;Master;;;;;;;;;;;;;;;;;;;;;;;;;;;;;;;;47;University of California, Berkeley;University of California, Berkeley;BS;Bachelor;.;.;;;;;.;.;;;;;.;.;;;;;.;.;;;;;;;;;;;;;.;.;;;;;.;.;;;;5317;;;;;.;.;;;;;.;.;;;;;.;.;;;;;.;.;;;;;;;;;;;;;.;.;;;;;.;.;;;;40783;Xian Jiaotong University;;Bachelor's Degree;Bachelor;.;.;;;;;.;.;Xian Jiaotong University;;Masters Degree;Master;.;.;;;;;.;.;;;;;;;;;;;;;.;.;;;;;.;.;;;;21786;;;;;;;;;;;;;;;;;;;;;;;;;;;;;;;;;;;;;;;;;;;;;;;;22662;;;;;;;;;;;;;Pace University;Pace University;Degree;Master;Business/Political Science;Other Business Administration;;;;;;;;;;;;;;;;;;;;;;;;;;;;;;570;Technion - Israel Institute of Technology (IIT);Israel Institute of Technology;BSc;Bachelor;;;;;;;;;Tel Aviv University;Tel Aviv University;MSc;Master;;;;;;;;;;;;;;;;;;;;;;;;;;;;;;;;31906;Sheffield Hallam University (SHU) (Formerly known as Sheffield City Polytechnic);Sheffield Hallam University;BA (Hons);Bachelor;;;;;;;;;;;;;;;;;;;;;;;;;;;;;;;;;;;;;;;;;;;;5368;University of Birmingham;University of Birmingham;BA Hons;Bachelor;;;;;;;;;;;;;;;;;;;;;;;;;;;;;;;;;;;;;;;;;;;;12757;;;;;;;;;;;;;University of Surrey;University of Surrey;M.Eng;;Electrical and Electronic Engineering;Engineering;;;;;;;;;;;;;;;;;;;;;;;;;;;;;;21789;Marshall University (MU);Marshall University;BS;Bachelor;;;;;;;;;Marshall University (MU);Marshall University;MS;Master;;;;;;;;;;;;;;;;;;;;;;;;;;;;;;;;21787;University of California, Berkeley;University of California, Berkeley;BA;Bachelor;Economics;Economics;;;;;;;;;;;;;;;;;;;;;;;;;;;;;;;;;;;;;;;;;;28405;;;;;;;;;;;;;Walton College;Walton College;Graduated;Master;;;;;;;;;Keller Graduate School of Management;Keller Graduate School of Management;MBA;MBA;;;;;;;;;;;;;;;;;;;;1819;University of Wisconsin-Madison;University of Wisconsin-Madison;BA;Bachelor;.;.;;;;;.;.;University of Santa Monica;;Masters;Master;.;.;;;;;.;.;;;;;;;;;;;;;.;.;;;;;.;.;;;;11476;;;;;;;;;;;;;;;;;;;;;;;;;;;;;;;;;Hebrew University of Jerusalem;The Hebrew University of Jerusalem;PhD;PhD;;;;;;;;;;;;3974;Cornell University;Cornell University;BSEE;Bachelor;Electrical Engineering, Biology;Engineering;;;;;;;Cornell University;Cornell University;MENG;Master;Biomedical Engineering, Electrical Engineering;Engineering;;;;;;;;;;;;;;;;;;;;;;;;;;;;;;8128;Case Western Reserve University (CWRU);Case Western Reserve University;BA;Bachelor;;;;;;;;;;;;;;;;;;;;;;;;;;;;;Yale University;Yale University;PhD;PhD;;;;;;;;;;;;11315;;;;;;;;;;;;;Technische Universit_t Kaiserslautern (University of Kaiserslautern);University of Kaiserslautern;Dipl Ing;Master;;;;;;;;;;;;;;;;;;;;;;;;;;;;;;;;4839;University of New South Wales;University of New South Wales;Bcom;Bachelor;Information Systems and Accounting;Finance & Accounting;;;;;;;;;;;;;;;;;;;;;;;;;;;;;;;;;;;;;;;;;;2019;Carroll College;Carroll College;BA;Bachelor;.;.;;;;;.;.;University of Maryland, College Park;other;MA;Master;.;.;;;;;.;.;Pepperdine University;Pepperdine University;MBA;MBA;;;;;;;;;.;.;;;;;.;.;;;;5261;;;;;.;.;;;;;.;.;Unknown Organisation;other;MD;Master;.;.;;;;;.;.;;;;;;;;;Unknown Organisation;other;PhD;PhD;.;.;;;;;.;.;;;;12759;Rochester Institute of Technology (RIT);University of Rochester;BS;Bachelor;;;;;;;;;;;;;;;;;;;;;;;;;;;;;;;;;;;;;;;;;;;;1820;Visvesvaraya College of Engineering;University Visvesvaraya ;Bachelor;Bachelor;Machanical Engineering;Engineering;;;;;;;University of Missouri-Rolla;University of Missouri-Rolla;Master;Master;Mechanical Engineering;Engineering;University of Missouri-Rolla;University of Missouri-Rolla;Master;Master;Computer Science;Computer Science;University of Michigan - Stephen M Ross School of Business;University of Michigan;MBA;MBA;;;;;;;;;;;;;;;;;;;;21535;Technion - Israel Institute of Technology;Technion _ Israel Institute of Technology;BS;Bachelor;Electrical Engineering;Engineering;;;;;;;Santa Clara University;Santa Clara University;MS;Master;Electrical Engineering;Engineering;;;;;;;;;;;;;;;;;;;;;;;;;;;;;;12869;Birla Institute of Technology & Science (BITS), India;Birla Institute of Technology;BE (Hons);Bachelor;.;.;;;;;.;.;Virginia Polytechnic Institute and State University (Virginia Tech);Virginia Polytechnic Institute and State University;MS;Master;.;.;;;;;.;.;;;;;;;;;;;;;.;.;;;;;.;.;;;;13471;University of Calcutta;University of Calcutta;BSc;Bachelor;;;;;;;;;Institute of Hotel Management, Catering Technology & Applied Nutrition (IHMCTAN);;Diploma;Master;;;;;;;;;;;;;;;;;;;;;;;;;;;;;;;;5230;;;;;.;.;;;;;.;.;;;;;.;.;;;;;.;.;;;;;;;;;;;;;.;.;;;;;.;.;;;;26080;University of Michigan;University of Michigan;Bachelor's Degree;Bachelor;;;;;;;;;Stanford University, Graduate School of Business;Stanford University;MS;Master;;;;;;;;;;;;;;;;;University of California, Berkeley;University of California, Berkeley;PhD;PhD;;;;;;;;;;;;5349;;;;;.;.;;;;;.;.;;;;;.;.;;;;;.;.;;;;;;;;;;;;;.;.;;;;;.;.;;;;21468;Princeton University;Princeton University;BSEE;Bachelor;;;;;;;;;University of Michigan;University of Michigan;MSc;Master;;;;;;;;;;;;;;;;;University of Michigan;University of Michigan;PhD;PhD;;;;;;;;;;;;5374;;;;;;;;;;;;;;;;;;;;;;;;;;;;;;;;;;;;;;;;;;;;;;;;1825;University of California, San Diego;University of California, San Diego;BS;Bachelor;;;;Other;;;;;;;;;;;;;;;;;;;;;;;;;University of California, San Diego;University of California, San Diego;PhD;PhD;;;;;;;;;;;;45987;University of Saskatchewan;University of Saskatchewan;BCom;Bachelor;;;University of Saskatchewan;University of Saskatchewan;BA;Bachelor;;;;;;;;;;;;;;;University of Saskatchewan;University of Saskatchewan;MBA;MBA;;;;;;;;;;;;;;;;;;;;41077;Colorado Technical University;Colorado Technical University;Information Technology Management;Bachelor;;;;;;;;;;;;;;;;;;;;;;;;;;;;;;;;;;;;;;;;;;;;